[ms, klicks seit letzter messung]

2011,0
3011,0
4012,0
5012,1
6013,0
7013,0
8014,1
9014,0
10015,0
11015,0
12016,0
13016,0
14017,0
15017,0
16018,1
17018,0
18019,0
19019,0
20020,0
21020,1
22021,0
23021,0
24022,0
25022,0
26023,0
27023,2
28024,0
29024,0
30025,0
31025,0
32026,2
33026,0
34027,0
35027,1
36028,1
37028,0
38029,0
39029,1
40030,0
41030,0
42031,0
43031,2
44032,0
45032,0
46033,0
47033,0
48034,0
49034,0
50035,0
51035,0
52036,0
53036,0
54037,0
55037,0
56038,0
57038,1
58039,0
59039,0
60040,0
61040,1
62041,1
63041,1
64042,0
65042,0
66043,0
67043,1
68044,0
69044,0
70045,1
71045,1
72046,0
73046,1
74047,1
75047,0
76048,0
77048,0
78049,0
79049,0
80050,0
81050,0
82051,0
83051,0
84052,1
85052,1
86053,0
87053,0
88054,0
89054,0
90071,1
91071,0
92072,0
93072,1
94073,0
95073,0
96074,1
97074,0
98075,1
99075,0
100076,1
101076,0
102077,2
103077,0
104078,0
105078,0
106079,0
107079,0
108080,0
109080,1
110081,0
111081,0
112082,1
113082,1
114083,0
115083,3
116084,0
117084,0
118085,0
119085,0
120086,1
121086,0
122087,0
123087,0
124088,0
125088,0
126089,1
127089,0
128090,0
129090,0
130091,1
131091,2
132092,1
133092,0
134093,1
135093,1
136094,0
137094,0
138095,0
139095,0
140096,1
141096,1
142097,2
143097,1
144098,0
145098,1
146099,1
147099,0
148100,1
149100,0
150101,0
151101,0
152102,0
153102,1
154103,1
155103,0
156104,0
157104,1
158105,1
159105,0
160106,0
161106,1
162107,0
163107,0
164108,0
165108,0
166109,1
167109,2
168110,0
169110,0
170111,0
171111,1
172112,0
173112,0
174113,1
175113,0
176114,0
177114,0
178115,0
179115,0
180116,0
181116,1
182117,0
183117,1
184118,0
185118,0
186119,0
187119,0
188120,0
189120,0
190121,0
191121,1
192122,1
193122,4
194123,0
195123,1
196124,1
197124,1
198125,1
199125,0
200126,1
201126,0
202127,0
203127,0
204128,1
205128,0
206129,0
207129,1
208130,0
209130,0
210131,0
211131,0
212132,1
213132,1
214133,1
215133,0
216134,1
217134,0
218135,1
219135,0
220136,2
221136,1
222137,2
223137,0
224138,0
225138,1
226139,0
227139,0
228140,2
229140,1
230141,1
231141,0
232142,1
233142,2
234143,0
235143,0
236144,0
237144,1
238145,2
239145,0
240146,1
241146,1
242147,0
243147,0
244148,2
245148,0
246149,0
247149,0
248150,1
249150,0
250151,0
251151,0
252152,2
253152,2
254153,0
255153,1
256154,0
257154,0
258155,2
259155,0
260156,1
261156,0
262157,0
263157,1
264158,1
265158,0
266159,1
267159,0
268160,0
269160,1
270161,0
271161,0
272162,0
273162,0
274163,2
275163,0
276164,0
277164,1
278165,0
279165,0
280166,0
281166,0
282167,1
283167,0
284168,0
285168,0
286169,0
287169,0
288170,0
289170,1
290171,0
291171,0
292172,0
293172,1
294173,2
295173,2
296174,0
297174,0
298175,1
299175,1
300176,1
301176,0
302177,0
303177,1
304178,0
305178,0
306179,0
307179,0
308180,0
309180,0
310181,0
311181,0
312182,1
313182,0
314183,0
315183,0
316184,0
317184,0
318185,0
319185,0
320186,0
321186,0
322187,0
323187,1
324188,0
325188,0
326189,0
327189,0
328190,0
329190,0
330191,0
331191,0
332192,0
333192,1
334193,0
335193,1
336194,2
337194,0
338195,0
339195,1
340196,2
341196,0
342197,0
343197,0
344198,0
345198,1
346199,1
347199,0
348200,1
349200,0
350201,0
351201,0
352202,2
353202,1
354203,0
355203,2
356204,0
357204,0
358205,0
359205,2
360206,0
361206,0
362207,0
363207,0
364208,0
365208,0
366209,0
367209,0
368210,2
369210,0
370211,0
371211,0
372212,0
373212,0
374213,0
375213,0
376214,0
377214,0
378215,0
379215,1
380216,1
381216,1
382217,0
383217,0
384218,0
385218,0
386219,2
387219,1
388220,0
389220,1
390221,0
391221,0
392222,0
393222,1
394223,0
395223,0
396224,0
397224,1
398225,0
399225,1
400226,1
401226,1
402227,0
403227,0
404228,2
405228,1
406229,1
407229,3
408230,0
409230,1
410231,0
411231,0
412232,0
413232,2
414233,0
415233,1
416234,0
417234,0
418235,0
419235,0
420236,1
421236,0
422237,0
423237,1
424238,0
425238,2
426239,0
427239,1
428240,1
429240,0
430241,0
431241,0
432242,1
433242,0
434243,0
435243,0
436244,2
437244,0
438245,1
439245,0
440246,0
441246,0
442247,0
443247,0
444248,0
445248,0
446249,0
447249,0
448250,0
449250,2
450251,0
451251,0
452252,0
453252,0
454253,0
455253,0
456254,0
457254,0
458255,0
459255,0
460256,0
461256,0
462257,1
463257,0
464258,1
465258,2
466259,2
467259,0
468260,1
469260,2
470261,1
471261,0
472262,0
473262,0
474263,0
475263,0
476264,0
477264,0
478265,2
479265,0
480266,0
481266,0
482267,1
483267,0
484268,1
485268,0
486269,0
487269,0
488270,0
489270,0
490271,0
491271,1
492272,1
493272,1
494273,0
495273,3
496274,0
497274,0
498275,0
499275,0
500276,0
501276,1
502277,2
503277,0
504278,0
505278,0
506279,0
507279,0
508280,0
509280,1
510281,0
511281,1
512282,0
513282,0
514283,0
515283,1
516284,0
517284,0
518285,0
519285,1
520286,1
521286,0
522287,0
523287,0
524288,0
525288,0
526289,0
527289,1
528290,0
529290,0
530291,1
531291,0
532292,1
533292,2
534293,1
535293,0
536294,2
537294,0
538295,0
539295,0
540296,0
541296,4
542297,0
543297,1
544298,1
545298,0
546299,1
547299,0
548300,0
549300,0
550301,0
551301,0
552302,0
553302,0
554303,0
555303,0
556304,1
557304,0
558305,1
559305,1
560306,0
561306,1
562307,0
563307,0
564308,1
565308,2
566309,0
567309,0
568310,0
569310,0
570311,0
571311,0
572312,2
573312,0
574313,0
575313,0
576314,1
577314,0
578315,0
579315,0
580316,0
581316,1
582317,1
583317,0
584318,0
585318,0
586319,1
587319,0
588320,1
589320,0
590321,1
591321,0
592322,1
593322,0
594323,0
595323,0
596324,1
597324,0
598325,0
599325,1
600326,0
601326,0
602327,1
603327,1
604328,0
605328,0
606329,1
607329,2
608330,0
609330,0
610331,1
611331,0
612332,3
613332,0
614333,1
615333,0
616334,0
617334,3
618335,2
619335,0
620336,0
621336,0
622337,1
623337,0
624338,0
625338,0
626339,0
627339,0
628340,0
629340,0
630341,2
631341,0
632342,2
633342,0
634343,0
635343,0
636344,0
637344,3
638345,0
639345,0
640346,0
641346,0
642347,1
643347,0
644348,0
645348,0
646349,1
647349,0
648350,0
649350,0
650351,0
651351,0
652352,4
653352,0
654353,0
655353,0
656354,0
657354,1
658355,0
659355,0
660356,0
661356,1
662357,0
663357,0
664358,1
665358,1
666359,0
667359,0
668360,0
669360,0
670361,0
671361,1
672362,0
673362,0
674363,0
675363,0
676364,2
677364,0
678365,0
679365,0
680366,0
681366,0
682367,0
683367,1
684368,0
685368,0
686369,0
687369,1
688370,0
689370,0
690371,2
691371,0
692372,0
693372,0
694373,0
695373,0
696374,0
697374,0
698375,0
699375,0
700376,0
701376,0
702377,0
703377,0
704378,1
705378,0
706379,1
707379,0
708380,1
709380,1
710381,0
711381,0
712382,1
713382,0
714383,0
715383,0
716384,0
717384,0
718385,0
719385,1
720386,0
721386,0
722387,2
723387,0
724388,1
725388,1
726389,0
727389,0
728390,0
729390,0
730391,0
731391,1
732392,0
733392,0
734393,0
735393,1
736394,0
737394,0
738395,0
739395,0
740396,1
741396,0
742397,1
743397,1
744398,0
745398,1
746399,0
747399,0
748400,0
749400,0
750401,0
751401,2
752402,0
753402,0
754403,0
755403,1
756404,0
757404,1
758405,0
759405,0
760406,0
761406,1
762407,2
763407,1
764408,0
765408,1
766409,0
767409,0
768410,0
769410,0
770411,0
771411,2
772412,1
773412,0
774413,0
775413,0
776414,0
777414,0
778415,0
779415,1
780416,0
781416,0
782417,0
783417,0
784418,0
785418,0
786419,0
787419,0
788420,0
789420,0
790421,1
791421,0
792422,0
793422,0
794423,0
795423,0
796424,0
797424,1
798425,0
799425,1
800426,1
801426,0
802427,0
803427,0
804428,2
805428,0
806429,0
807429,0
808430,1
809430,0
810431,0
811431,1
812432,0
813432,0
814433,3
815433,1
816434,0
817434,0
818435,0
819435,0
820436,1
821436,2
822437,0
823437,1
824438,0
825438,0
826439,2
827439,0
828440,1
829440,0
830441,1
831441,1
832442,0
833442,2
834443,0
835443,1
836444,0
837444,0
838445,0
839445,0
840446,0
841446,0
842447,0
843447,0
844448,1
845448,1
846449,0
847449,2
848450,0
849450,0
850451,2
851451,0
852452,0
853452,1
854453,0
855453,0
856454,0
857454,1
858455,0
859455,1
860456,0
861456,0
862457,1
863457,0
864458,0
865458,0
866459,0
867459,0
868460,0
869460,0
870461,0
871461,0
872462,1
873462,0
874463,0
875463,0
876464,0
877464,0
878465,0
879465,0
880466,1
881466,1
882467,0
883467,2
884468,2
885468,0
886469,0
887469,1
888470,0
889470,0
890471,0
891471,0
892472,0
893472,0
894473,0
895473,0
896474,0
897474,0
898475,0
899475,0
900476,0
901476,0
902477,2
903477,1
904478,0
905478,1
906479,0
907479,0
908480,0
909480,0
910481,0
911481,0
912482,1
913482,0
914483,0
915483,1
916484,0
917484,0
918485,0
919485,0
920486,0
921486,2
922487,0
923487,1
924488,0
925488,1
926489,1
927489,0
928490,0
929490,0
930491,2
931491,0
932492,0
933492,0
934493,1
935493,2
936494,0
937494,0
938495,1
939495,0
940496,2
941496,0
942497,0
943497,2
944498,0
945498,0
946499,0
947499,0
948500,0
949500,0
950501,0
951501,1
952502,0
953502,0
954503,0
955503,0
956504,0
957504,0
958505,0
959505,0
960506,0
961506,1
962507,1
963507,1
964508,1
965508,1
966509,0
967509,0
968510,0
969510,0
970511,0
971511,0
972512,0
973512,0
974513,0
975513,1
976514,0
977514,2
978515,1
979515,1
980516,0
981516,1
982517,6
983517,1
984518,0
985518,0
986519,0
987519,0
988520,0
989520,0
990521,0
991521,0
992522,0
993522,1
994523,0
995523,0
996524,0
997524,1
998525,0
999525,1
1000526,0
1001526,0
1002527,0
1003527,0
1004528,0
1005528,0
1006529,0
1007529,0
1008530,0
1009530,0
1010531,0
1011531,0
1012532,0
1013532,0
1014533,0
1015533,0
1016534,0
1017534,0
1018535,1
1019535,0
1020536,1
1021536,0
1022537,1
1023537,0
1024538,0
1025538,1
1026539,1
1027539,0
1028540,0
1029540,0
1030541,0
1031541,0
1032542,1
1033542,0
1034543,0
1035543,1
1036544,0
1037544,1
1038545,0
1039545,0
1040546,1
1041546,1
1042547,2
1043547,1
1044548,0
1045548,0
1046549,0
1047549,0
1048550,0
1049550,0
1050551,0
1051551,0
1052552,0
1053552,0
1054553,0
1055553,0
1056554,3
1057554,0
1058555,0
1059555,0
1060556,1
1061556,0
1062557,0
1063557,0
1064558,0
1065558,2
1066559,0
1067559,0
1068560,0
1069560,0
1070561,1
1071561,0
1072562,0
1073562,0
1074563,0
1075563,0
1076564,0
1077564,0
1078565,1
1079565,1
1080566,0
1081566,0
1082567,0
1083567,0
1084568,0
1085568,0
1086569,0
1087569,0
1088570,0
1089570,1
1090571,0
1091571,1
1092572,0
1093572,0
1094573,0
1095573,1
1096574,0
1097574,0
1098575,0
1099575,0
1100576,0
1101576,2
1102577,0
1103577,1
1104578,0
1105578,0
1106579,0
1107579,0
1108580,0
1109580,2
1110581,0
1111581,0
1112582,0
1113582,2
1114583,1
1115583,0
1116584,1
1117584,0
1118585,1
1119585,0
1120586,0
1121586,0
1122587,0
1123587,0
1124588,2
1125588,0
1126589,0
1127589,0
1128590,1
1129590,0
1130591,0
1131591,0
1132592,0
1133592,0
1134593,0
1135593,0
1136594,1
1137594,0
1138595,0
1139595,1
1140596,3
1141596,0
1142597,0
1143597,0
1144598,0
1145598,0
1146599,0
1147599,0
1148600,0
1149600,0
1150601,0
1151601,0
1152602,0
1153602,0
1154603,0
1155603,0
1156604,1
1157604,0
1158605,0
1159605,1
1160606,0
1161606,0
1162607,0
1163607,0
1164608,0
1165608,0
1166609,1
1167609,0
1168610,1
1169610,3
1170611,0
1171611,2
1172612,0
1173612,0
1174613,0
1175613,0
1176614,0
1177614,0
1178615,0
1179615,1
1180616,0
1181616,0
1182617,0
1183617,0
1184618,1
1185618,1
1186619,0
1187619,0
1188620,1
1189620,1
1190621,0
1191621,1
1192622,0
1193622,1
1194623,0
1195623,0
1196624,0
1197624,0
1198625,1
1199625,0
1200626,0
1201626,0
1202627,0
1203627,0
1204628,1
1205628,0
1206629,1
1207629,0
1208630,0
1209630,1
1210631,0
1211631,0
1212632,0
1213632,0
1214633,0
1215633,0
1216634,0
1217634,1
1218635,0
1219635,0
1220636,0
1221636,0
1222637,1
1223637,0
1224638,0
1225638,0
1226639,2
1227639,0
1228640,0
1229640,0
1230641,0
1231641,0
1232642,1
1233642,1
1234643,0
1235643,0
1236644,1
1237644,0
1238645,0
1239645,0
1240646,0
1241646,1
1242647,0
1243647,0
1244648,0
1245648,0
1246649,0
1247649,1
1248650,0
1249650,1
1250651,0
1251651,1
1252652,0
1253652,1
1254653,0
1255653,0
1256654,0
1257654,0
1258655,1
1259655,0
1260656,1
1261656,0
1262657,1
1263657,0
1264658,1
1265658,0
1266659,0
1267659,0
1268660,1
1269660,1
1270661,0
1271661,0
1272662,1
1273662,0
1274663,0
1275663,0
1276664,0
1277664,0
1278665,1
1279665,0
1280666,0
1281666,0
1282667,0
1283667,1
1284668,0
1285668,0
1286669,0
1287669,1
1288670,1
1289670,1
1290671,0
1291671,1
1292672,2
1293672,1
1294673,0
1295673,0
1296674,2
1297674,1
1298675,0
1299675,0
1300676,2
1301676,1
1302677,1
1303677,0
1304678,1
1305678,0
1306679,0
1307679,0
1308680,0
1309680,1
1310681,2
1311681,1
1312682,0
1313682,0
1314683,2
1315683,0
1316684,1
1317684,0
1318685,0
1319685,0
1320686,2
1321686,0
1322687,0
1323687,1
1324688,0
1325688,0
1326689,0
1327689,2
1328690,1
1329690,0
1330691,0
1331691,0
1332692,1
1333692,1
1334693,0
1335693,0
1336694,1
1337694,0
1338695,0
1339695,0
1340696,0
1341696,0
1342697,0
1343697,0
1344698,0
1345698,0
1346699,0
1347699,0
1348700,0
1349700,0
1350701,1
1351701,0
1352702,0
1353702,1
1354703,0
1355703,0
1356704,1
1357704,0
1358705,0
1359705,1
1360706,0
1361706,0
1362707,0
1363707,0
1364708,0
1365708,0
1366709,2
1367709,0
1368710,2
1369710,0
1370711,1
1371711,0
1372712,2
1373712,2
1374713,0
1375713,0
1376714,0
1377714,0
1378715,3
1379715,0
1380716,0
1381716,0
1382717,0
1383717,0
1384718,0
1385718,2
1386719,1
1387719,0
1388720,0
1389720,1
1390721,0
1391721,0
1392722,1
1393722,0
1394723,0
1395723,0
1396724,0
1397724,1
1398725,0
1399725,0
1400726,1
1401726,1
1402727,0
1403727,1
1404728,1
1405728,1
1406729,0
1407729,1
1408730,0
1409730,0
1410731,1
1411731,1
1412732,0
1413732,0
1414733,0
1415733,0
1416734,1
1417734,0
1418735,1
1419735,0
1420736,0
1421736,0
1422737,0
1423737,0
1424738,0
1425738,1
1426739,0
1427739,1
1428740,0
1429740,0
1430741,2
1431741,0
1432742,1
1433742,0
1434743,0
1435743,0
1436744,0
1437744,0
1438745,0
1439745,0
1440746,2
1441746,0
1442747,2
1443747,0
1444748,0
1445748,0
1446749,0
1447749,0
1448750,0
1449750,0
1450751,0
1451751,2
1452752,0
1453752,0
1454753,0
1455753,0
1456754,0
1457754,2
1458755,0
1459755,1
1460756,0
1461756,1
1462757,1
1463757,0
1464758,0
1465758,0
1466759,1
1467759,0
1468760,1
1469760,2
1470761,0
1471761,0
1472762,0
1473762,1
1474763,0
1475763,0
1476764,0
1477764,0
1478765,0
1479765,0
1480766,1
1481766,0
1482767,0
1483767,0
1484768,0
1485768,0
1486769,0
1487769,0
1488770,1
1489770,0
1490771,0
1491771,0
1492772,0
1493772,0
1494773,1
1495773,0
1496774,0
1497774,0
1498775,0
1499775,1
1500776,0
1501776,2
1502777,0
1503777,1
1504778,0
1505778,0
1506779,0
1507779,0
1508780,0
1509780,0
1510781,0
1511781,2
1512782,0
1513782,1
1514783,1
1515783,0
1516784,2
1517784,1
1518785,0
1519785,0
1520786,2
1521786,0
1522787,2
1523787,0
1524788,4
1525788,1
1526789,0
1527789,2
1528790,0
1529790,1
1530791,0
1531791,0
1532792,0
1533792,0
1534793,1
1535793,1
1536794,2
1537794,1
1538795,4
1539795,0
1540796,0
1541796,0
1542797,0
1543797,0
1544798,1
1545798,0
1546799,0
1547799,1
1548800,0
1549800,0
1550801,0
1551801,0
1552802,0
1553802,1
1554803,1
1555803,0
1556804,1
1557804,0
1558805,0
1559805,0
1560806,1
1561806,1
1562807,0
1563807,0
1564808,0
1565808,0
1566809,0
1567809,1
1568810,1
1569810,1
1570811,0
1571811,0
1572812,0
1573812,1
1574813,0
1575813,0
1576814,0
1577814,0
1578815,1
1579815,0
1580816,0
1581816,0
1582817,0
1583817,0
1584818,0
1585818,0
1586819,0
1587819,1
1588820,1
1589820,0
1590821,3
1591821,0
1592822,0
1593822,0
1594823,0
1595823,0
1596824,1
1597824,0
1598825,0
1599825,1
1600826,0
1601826,0
1602827,0
1603827,0
1604828,0
1605828,0
1606829,3
1607829,0
1608830,0
1609830,0
1610831,0
1611831,0
1612832,1
1613832,0
1614833,3
1615833,0
1616834,0
1617834,0
1618835,0
1619835,1
1620836,1
1621836,0
1622837,0
1623837,0
1624838,0
1625838,1
1626839,0
1627839,0
1628840,0
1629840,1
1630841,1
1631841,0
1632842,0
1633842,1
1634843,0
1635843,0
1636844,1
1637844,0
1638845,0
1639845,0
1640846,1
1641846,2
1642847,0
1643847,1
1644848,0
1645848,0
1646849,1
1647849,0
1648850,0
1649850,1
1650851,0
1651851,0
1652852,1
1653852,2
1654853,2
1655853,0
1656854,1
1657854,0
1658855,0
1659855,0
1660856,1
1661856,0
1662857,0
1663857,0
1664858,0
1665858,0
1666859,0
1667859,0
1668860,1
1669860,1
1670861,0
1671861,0
1672862,0
1673862,0
1674863,0
1675863,0
1676864,0
1677864,1
1678865,2
1679865,0
1680866,0
1681866,1
1682867,2
1683867,0
1684868,0
1685868,0
1686869,0
1687869,2
1688870,0
1689870,0
1690871,0
1691871,2
1692872,0
1693872,1
1694873,0
1695873,1
1696874,0
1697874,0
1698875,0
1699875,2
1700876,1
1701876,0
1702877,0
1703877,1
1704878,1
1705878,2
1706879,0
1707879,0
1708880,0
1709880,2
1710881,0
1711881,0
1712882,0
1713882,0
1714883,0
1715883,0
1716884,3
1717884,0
1718885,3
1719885,2
1720886,0
1721886,1
1722887,0
1723887,0
1724888,0
1725888,0
1726889,2
1727889,0
1728890,0
1729890,0
1730891,0
1731891,0
1732892,0
1733892,0
1734893,1
1735893,2
1736894,1
1737894,0
1738895,0
1739895,1
1740896,0
1741896,1
1742897,0
1743897,0
1744898,0
1745898,1
1746899,1
1747899,2
1748900,0
1749900,0
1750901,1
1751901,1
1752902,2
1753902,0
1754903,1
1755903,1
1756904,1
1757904,1
1758905,0
1759905,0
1760906,3
1761906,0
1762907,0
1763907,2
1764908,1
1765908,0
1766909,2
1767909,1
1768910,0
1769910,2
1770911,0
1771911,0
1772912,1
1773912,0
1774913,0
1775913,0
1776914,0
1777914,1
1778915,1
1779915,0
1780916,0
1781916,1
1782917,0
1783917,0
1784918,0
1785918,0
1786919,0
1787919,0
1788920,1
1789920,1
1790921,1
1791921,0
1792922,1
1793922,0
1794923,0
1795923,3
1796924,0
1797924,1
1798925,1
1799925,0
1800926,1
1801926,1
1802927,0
1803927,0
1804928,1
1805928,0
1806929,4
1807929,0
1808930,2
1809930,0
1810931,2
1811931,0
1812932,0
1813932,0
1814933,0
1815933,0
1816934,2
1817934,0
1818935,1
1819935,1
1820936,1
1821936,2
1822937,0
1823937,1
1824938,0
1825938,0
1826939,1
1827939,1
1828940,1
1829940,3
1830941,0
1831941,2
1832942,0
1833942,0
1834943,0
1835943,0
1836944,0
1837944,2
1838945,0
1839945,1
1840946,1
1841946,0
1842947,2
1843947,0
1844948,0
1845948,1
1846949,2
1847949,0
1848950,1
1849950,1
1850951,0
1851951,0
1852952,1
1853952,2
1854953,2
1855953,0
1856954,0
1857954,1
1858955,1
1859955,0
1860956,0
1861956,0
1862957,1
1863957,0
1864958,2
1865958,1
1866959,0
1867959,0
1868960,0
1869960,1
1870961,1
1871961,0
1872962,1
1873962,1
1874963,1
1875963,1
1876964,1
1877964,0
1878965,0
1879965,1
1880966,0
1881966,1
1882967,2
1883967,1
1884968,3
1885968,0
1886969,2
1887969,1
1888970,0
1889970,0
1890971,2
1891971,0
1892972,0
1893972,0
1894973,0
1895973,0
1896974,0
1897974,0
1898975,1
1899975,1
1900976,0
1901976,0
1902977,0
1903977,1
1904978,0
1905978,1
1906979,0
1907979,1
1908980,0
1909980,0
1910981,3
1911981,1
1912982,1
1913982,0
1914983,0
1915983,0
1916984,0
1917984,1
1918985,0
1919985,1
1920986,1
1921986,1
1922987,2
1923987,0
1924988,1
1925988,0
1926989,0
1927989,1
1928990,0
1929990,1
1930991,1
1931991,0
1932992,1
1933992,0
1934993,1
1935993,0
1936994,0
1937994,0
1938995,1
1939995,0
1940996,0
1941996,3
1942997,0
1943997,0
1944998,0
1945998,1
1946999,1
1947999,0
1949000,0
1950000,0
1951001,0
1952001,0
1953002,0
1954002,1
1955003,2
1956003,0
1957004,1
1958004,1
1959005,1
1960005,1
1961006,3
1962006,1
1963007,0
1964007,1
1965008,1
1966008,1
1967009,1
1968009,1
1969010,0
1970010,1
1971011,0
1972011,0
1973012,1
1974012,1
1975013,0
1976013,1
1977014,2
1978014,4
1979015,0
1980072,0
1981072,0
1982072,0
1983072,0
1984072,0
1985072,1
1986072,1
1987072,2
1988072,1
1989072,1
1990072,1
1991072,2
1992072,1
1993072,0
1994072,0
1995072,1
1996072,1
1997072,0
1998072,1
1999072,1
2000072,0
2001072,0
2002072,3
2003072,1
2004072,0
2005072,1
2006072,0
2007072,0
2008072,0
2009072,0
2010072,0
2011072,1
2012072,1
2013072,2
2014072,0
2015072,0
2016072,2
2017072,1
2018072,0
2019072,0
2020072,1
2021072,0
2022072,0
2023072,0
2024072,1
2025072,0
2026072,1
2027072,2
2028072,0
2029072,4
2030072,0
2031072,0
2032072,1
2033072,0
2034072,0
2035072,2
2036072,0
2037072,0
2038072,0
2039072,1
2040072,0
2041072,1
2042072,1
2043072,0
2044072,1
2045072,0
2046072,1
2047072,0
2048072,1
2049072,2
2050072,0
2051072,1
2052072,0
2053072,1
2054072,0
2055072,0
2056072,1
2057072,2
2058072,0
2059072,0
2060072,2
2061072,2
2062072,1
2063072,1
2064072,0
2065072,0
2066072,0
2067072,2
2068072,0
2069072,1
2070077,1
2071077,3
2072077,1
2073077,0
2074077,1
2075077,0
2076077,0
2077077,0
2078077,0
2079077,0
2080077,4
2081077,2
2082077,1
2083077,0
2084077,0
2085077,1
2086077,0
2087077,1
2088077,0
2089077,2
2090077,0
2091077,0
2092077,0
2093077,0
2094077,1
2095077,0
2096077,1
2097077,0
2098077,0
2099077,0
2100077,0
2101077,1
2102077,1
2103077,3
2104077,1
2105078,0
2106078,0
2107079,1
2108079,3
2109080,0
2110080,1
2111081,2
2112081,4
2113082,2
2114082,0
2115083,1
2116083,0
2117084,0
2118084,2
2119085,0
2120085,0
2121086,0
2122086,1
2123087,0
2124087,1
2125088,0
2126088,0
2127089,0
2128089,1
2129090,1
2130090,0
2131091,2
2132091,1
2133092,3
2134092,0
2135093,0
2136093,0
2137094,1
2138094,2
2139095,1
2140095,1
2141096,0
2142096,0
2143097,0
2144097,1
2145098,0
2146098,0
2147099,0
2148099,2
2149100,1
2150100,0
2151101,0
2152101,1
2153102,0
2154102,3
2155103,1
2156103,1
2157104,2
2158104,0
2159105,2
2160199,0
2161199,0
2162199,0
2163199,0
2164199,1
2165199,0
2166199,0
2167199,0
2168199,1
2169199,0
2170199,2
2171199,1
2172199,1
2173199,4
2174199,0
2175199,0
2176199,1
2177199,0
2178199,1
2179199,0
2180199,1
2181199,1
2182199,1
2183199,2
2184199,0
2185199,1
2186199,0
2187199,1
2188199,0
2189199,1
2190199,0
2191199,1
2192199,0
2193199,1
2194199,0
2195199,0
2196199,1
2197199,1
2198199,0
2199199,1
2200199,0
2201199,0
2202199,2
2203199,0
2204199,2
2205199,1
2206199,1
2207199,0
2208199,0
2209199,1
2210199,0
2211199,1
2212199,0
2213199,2
2214199,1
2215199,1
2216199,0
2217199,0
2218199,0
2219199,0
2220199,0
2221199,0
2222199,1
2223199,3
2224199,0
2225199,0
2226199,1
2227199,0
2228199,0
2229199,0
2230199,3
2231199,0
2232199,0
2233199,0
2234199,0
2235199,1
2236199,1
2237199,0
2238199,0
2239199,2
2240199,0
2241199,1
2242199,1
2243199,0
2244199,1
2245199,0
2246199,0
2247199,0
2248199,1
2249199,0
2250199,0
2251199,1
2252199,0
2253199,2
2254199,1
2255199,0
2256199,0
2257199,0
2258199,1
2259199,1
2260199,1
2261199,0
2262199,1
2263199,1
2264199,0
2265199,1
2266199,2
2267199,0
2268199,2
2269199,1
2270199,2
2271199,0
2272199,1
2273199,1
2274199,1
2275199,1
2276199,1
2277199,1
2278199,2
2279199,1
2280199,0
2281199,1
2282199,1
2283199,1
2284199,1
2285199,3
2286199,0
2287199,1
2288199,0
2289199,2
2290199,0
2291199,2
2292199,0
2293199,1
2294199,1
2295199,0
2296199,0
2297199,0
2298199,2
2299199,2
2300199,0
2301199,0
2302199,0
2303199,1
2304199,1
2305199,0
2306199,1
2307199,0
2308199,0
2309199,1
2310199,2
2311199,0
2312199,2
2313199,1
2314199,2
2315199,2
2316199,0
2317199,0
2318199,0
2319199,2
2320199,1
2321199,2
2322199,2
2323199,1
2324199,1
2325199,1
2326199,0
2327199,1
2328199,1
2329199,0
2330199,0
2331199,0
2332199,1
2333199,0
2334199,0
2335199,0
2336199,1
2337199,0
2338199,0
2339199,1
2340199,4
2341199,1
2342199,0
2343199,0
2344199,1
2345199,0
2346199,0
2347199,1
2348199,0
2349200,0
2350200,0
2351201,0
2352201,0
2353202,1
2354202,0
2355203,0
2356203,3
2357204,0
2358204,2
2359205,2
2360205,1
2361206,1
2362206,1
2363207,0
2364207,2
2365208,0
2366208,0
2367209,2
2368209,3
2369210,1
2370210,2
2371211,0
2372211,1
2373212,3
2374212,0
2375213,3
2376213,3
2377214,2
2378214,0
2379215,4
2380215,2
2381216,1
2382216,1
2383217,3
2384217,0
2385218,1
2386218,0
2387219,0
2388219,2
2389220,3
2390220,0
2391221,1
2392221,0
2393222,1
2394222,0
2395223,2
2396223,0
2397224,0
2398224,0
2399225,1
2400225,0
2401226,0
2402226,1
2403227,3
2404227,3
2405228,0
2406228,1
2407229,0
2408229,0
2409230,0
2410230,0
2411231,1
2412231,1
2413232,1
2414232,0
2415233,1
2416233,2
2417234,1
2418234,2
2419235,2
2420235,0
2421236,1
2422236,0
2423237,2
2424237,3
2425238,0
2426238,0
2427239,1
2428239,2
2429240,1
2430240,1
2431241,1
2432241,1
2433242,0
2434242,0
2435243,3
2436243,0
2437244,1
2438244,1
2439245,3
2440245,0
2441246,0
2442246,1
2443247,0
2444247,3
2445248,1
2446248,0
2447249,1
2448249,0
2449250,0
2450250,1
2451251,1
2452251,2
2453252,3
2454252,0
2455253,2
2456253,0
2457254,1
2458254,1
2459255,1
2460255,0
2461256,1
2462256,0
2463257,2
2464257,3
2465258,1
2466258,2
2467259,1
2468259,1
2469260,0
2470260,1
2471261,1
2472261,1
2473262,0
2474262,0
2475263,0
2476263,0
2477264,0
2478264,2
2479265,1
2480265,0
2481266,1
2482266,4
2483267,1
2484267,2
2485268,2
2486268,1
2487269,1
2488269,4
2489270,1
2490270,2
2491271,0
2492271,0
2493272,3
2494272,5
2495273,2
2496273,0
2497274,0
2498274,1
2499275,0
2500275,1
2501276,2
2502276,1
2503277,3
2504277,1
2505278,3
2506278,3
2507279,2
2508279,2
2509280,1
2510280,1
2511281,0
2512281,2
2513282,0
2514282,1
2515283,2
2516283,0
2517284,2
2518284,1
2519285,1
2520285,2
2521286,0
2522286,1
2523287,1
2524287,1
2525288,3
2526288,0
2527289,0
2528289,2
2529290,2
2530290,1
2531291,0
2532291,2
2533292,4
2534292,0
2535293,1
2536293,0
2537294,5
2538294,1
2539295,0
2540295,0
2541296,1
2542296,0
2543297,1
2544297,0
2545298,3
2546298,0
2547299,0
2548299,0
2549300,1
2550300,0
2551301,2
2552301,2
2553302,0
2554302,1
2555303,1
2556303,1
2557304,0
2558304,2
2559305,2
2560305,0
2561306,2
2562306,1
2563307,0
2564307,2
2565308,4
2566308,1
2567309,0
2568309,2
2569310,1
2570310,2
2571311,1
2572311,1
2573312,1
2574312,0
2575313,2
2576313,0
2577314,2
2578314,2
2579315,1
2580315,2
2581316,2
2582316,1
2583317,1
2584317,1
2585318,0
2586318,0
2587319,0
2588319,0
2589320,3
2590320,1
2591321,2
2592321,1
2593322,0
2594322,0
2595323,1
2596323,0
2597324,1
2598324,0
2599325,7
2600325,2
2601326,0
2602326,1
2603327,1
2604327,1
2605328,0
2606328,0
2607329,0
2608329,0
2609330,2
2610330,0
2611331,0
2612331,2
2613332,0
2614332,1
2615333,0
2616333,0
2617334,0
2618334,2
2619335,2
2620335,2
2621336,3
2622336,2
2623337,2
2624337,0
2625338,3
2626338,5
2627339,0
2628339,0
2629340,2
2630340,1
2631341,4
2632341,1
2633342,1
2634342,2
2635343,1
2636343,2
2637344,2
2638344,2
2639345,1
2640345,1
2641346,1
2642346,4
2643347,0
2644347,3
2645348,3
2646348,5
2647349,1
2648349,4
2649350,2
2650350,1
2651351,1
2652351,1
2653352,0
2654352,1
2655353,1
2656353,2
2657354,1
2658354,0
2659355,2
2660355,1
2661356,3
2662356,1
2663357,1
2664357,1
2665358,0
2666358,0
2667359,0
2668359,2
2669360,2
2670360,1
2671361,3
2672361,3
2673362,0
2674362,1
2675363,2
2676363,0
2677364,0
2678364,1
2679365,0
2680365,2
2681366,2
2682366,0
2683367,2
2684367,1
2685368,0
2686368,2
2687369,3
2688369,0
2689370,1
2690370,0
2691371,0
2692371,0
2693372,1
2694372,4
2695373,0
2696373,3
2697374,1
2698374,0
2699375,2
2700375,2
2701376,2
2702376,0
2703377,2
2704377,0
2705378,1
2706378,0
2707379,1
2708379,0
2709380,1
2710380,2
2711381,3
2712381,1
2713382,0
2714382,3
2715383,1
2716383,1
2717384,1
2718384,0
2719385,1
2720385,1
2721386,2
2722386,2
2723387,3
2724387,1
2725388,3
2726388,1
2727389,2
2728389,1
2729390,0
2730390,2
2731391,2
2732391,0
2733392,4
2734392,0
2735393,3
2736393,1
2737394,1
2738394,1
2739395,2
2740395,0
2741396,1
2742396,2
2743397,0
2744397,1
2745398,1
2746398,1
2747399,2
2748399,1
2749400,2
2750400,1
2751401,1
2752401,2
2753402,1
2754402,1
2755403,1
2756403,0
2757404,2
2758404,0
2759405,3
2760405,0
2761406,0
2762406,2
2763407,0
2764407,2
2765408,2
2766408,5
2767409,2
2768409,0
2769410,2
2770410,1
2771411,1
2772411,3
2773412,2
2774412,2
2775413,3
2776413,1
2777414,4
2778414,0
2779415,1
2780415,3
2781416,2
2782416,1
2783417,4
2784417,4
2785418,3
2786418,3
2787419,0
2788419,1
2789420,2
2790420,2
2791421,3
2792421,0
2793422,4
2794422,0
2795423,4
2796423,1
2797424,0
2798424,1
2799425,1
2800425,6
2801426,0
2802426,2
2803427,4
2804427,3
2805428,4
2806428,1
2807429,2
2808429,1
2809430,5
2810430,1
2811431,4
2812431,4
2813432,2
2814432,1
2815433,1
2816433,0
2817434,0
2818434,0
2819435,1
2820435,2
2821436,2
2822436,4
2823437,1
2824437,2
2825438,5
2826438,0
2827439,1
2828439,0
2829440,0
2830440,1
2831441,0
2832441,2
2833442,3
2834442,2
2835443,1
2836443,1
2837444,2
2838444,3
2839445,2
2840445,2
2841446,2
2842446,1
2843447,1
2844447,0
2845448,1
2846448,0
2847449,0
2848449,4
2849450,1
2850450,5
2851451,1
2852451,1
2853452,0
2854452,1
2855453,2
2856453,0
2857454,0
2858454,2
2859455,2
2860455,0
2861456,0
2862456,5
2863457,1
2864457,3
2865458,2
2866458,1
2867459,1
2868459,2
2869460,1
2870460,1
2871461,0
2872461,3
2873462,2
2874462,2
2875463,3
2876463,1
2877464,1
2878464,4
2879465,0
2880465,2
2881466,0
2882466,2
2883467,2
2884467,1
2885468,0
2886468,1
2887469,2
2888469,3
2889470,1
2890470,1
2891471,0
2892471,2
2893472,5
2894472,4
2895473,2
2896473,1
2897474,2
2898474,0
2899475,3
2900475,0
2901476,1
2902476,2
2903477,2
2904477,1
2905478,4
2906478,2
2907479,5
2908479,2
2909480,5
2910480,0
2911481,0
2912481,2
2913482,0
2914482,3
2915483,1
2916483,4
2917484,1
2918484,2
2919485,1
2920485,0
2921486,4
2922486,2
2923487,3
2924487,1
2925488,0
2926488,1
2927489,3
2928489,0
2929490,3
2930490,2
2931491,1
2932491,1
2933492,1
2934492,2
2935493,0
2936493,1
2937494,1
2938494,1
2939495,1
2940495,2
2941496,3
2942496,1
2943497,2
2944497,2
2945498,2
2946498,0
2947499,5
2948499,0
2949500,4
2950500,1
2951501,1
2952501,0
2953502,0
2954502,1
2955503,1
2956503,1
2957504,1
2958504,3
2959505,0
2960505,1
2961506,1
2962506,1
2963507,3
2964507,5
2965508,1
2966508,2
2967509,0
2968509,2
2969510,0
2970510,0
2971511,2
2972511,5
2973512,1
2974512,2
2975513,1
2976513,1
2977514,3
2978514,1
2979515,0
2980515,2
2981516,2
2982516,2
2983517,2
2984517,4
2985518,0
2986518,1
2987519,6
2988519,2
2989520,3
2990520,2
2991521,2
2992521,4
2993522,0
2994522,3
2995523,1
2996523,2
2997524,2
2998524,1
2999525,2
3000525,1
3001526,1
3002526,0
3003527,3
3004527,3
3005528,2
3006528,2
3007529,3
3008529,3
3009530,2
3010530,3
3011531,5
3012531,2
3013532,1
3014532,5
3015533,3
3016533,2
3017534,1
3018534,0
3019535,2
3020535,0
3021536,4
3022536,1
3023537,0
3024537,2
3025538,2
3026538,1
3027539,9
3028539,1
3029540,2
3030540,2
3031541,2
3032541,1
3033542,1
3034542,2
3035543,3
3036543,2
3037544,2
3038544,2
3039545,3
3040545,0
3041546,6
3042546,3
3043547,2
3044547,1
3045548,2
3046548,2
3047549,3
3048549,1
3049550,2
3050550,3
3051551,0
3052551,1
3053552,3
3054552,3
3055553,1
3056553,4
3057554,2
3058554,1
3059555,4
3060555,0
3061556,3
3062556,3
3063557,1
3064557,0
3065558,2
3066558,3
3067559,1
3068559,2
3069560,3
3070560,4
3071561,3
3072561,0
3073562,2
3074562,2
3075563,0
3076563,5
3077564,1
3078564,3
3079565,3
3080565,1
3081566,1
3082566,1
3083567,0
3084567,1
3085568,2
3086568,2
3087569,1
3088569,3
3089570,3
3090570,4
3091571,0
3092571,1
3093572,5
3094572,1
3095573,3
3096573,2
3097574,3
3098574,2
3099575,0
3100575,6
3101576,2
3102576,1
3103577,6
3104577,2
3105578,2
3106578,6
3107579,3
3108579,4
3109580,3
3110580,1
3111581,3
3112581,2
3113582,3
3114582,1
3115583,1
3116583,1
3117584,4
3118584,3
3119585,3
3120585,5
3121586,3
3122586,3
3123587,0
3124587,0
3125588,0
3126588,2
3127589,1
3128589,2
3129590,3
3130590,2
3131591,1
3132591,3
3133592,1
3134592,4
3135593,3
3136593,3
3137594,2
3138594,0
3139595,3
3140595,2
3141596,2
3142596,4
3143597,0
3144597,5
3145598,2
3146598,6
3147599,5
3148599,2
3149600,4
3150600,3
3151601,1
3152601,6
3153602,2
3154602,2
3155603,4
3156603,4
3157604,0
3158604,5
3159605,2
3160605,3
3161606,2
3162606,5
3163607,2
3164607,5
3165608,2
3166608,0
3167609,3
3168609,2
3169610,2
3170610,0
3171611,1
3172611,1
3173612,4
3174612,2
3175613,1
3176613,7
3177614,3
3178614,0
3179615,4
3180615,1
3181616,2
3182616,4
3183617,2
3184617,4
3185618,2
3186618,1
3187619,5
3188619,5
3189620,2
3190620,4
3191621,3
3192621,1
3193622,2
3194622,1
3195623,3
3196623,3
3197624,6
3198624,4
3199625,4
3200625,4
3201626,2
3202626,3
3203627,3
3204627,0
3205628,3
3206628,2
3207629,5
3208629,1
3209630,4
3210630,1
3211631,8
3212631,1
3213632,2
3214632,3
3215633,2
3216633,3
3217634,1
3218634,1
3219635,1
3220635,3
3221636,1
3222636,4
3223637,2
3224637,0
3225638,4
3226638,2
3227639,2
3228639,1
3229640,3
3230640,8
3231641,4
3232641,4
3233642,6
3234642,0
3235643,5
3236643,5
3237644,1
3238644,5
3239645,3
3240645,1
3241646,2
3242646,4
3243647,2
3244647,2
3245648,4
3246648,6
3247649,4
3248649,4
3249650,2
3250650,2
3251651,2
3252651,2
3253652,1
3254652,3
3255653,3
3256653,3
3257654,2
3258654,4
3259655,3
3260655,4
3261656,2
3262656,1
3263657,5
3264657,3
3265658,2
3266658,5
3267659,3
3268659,3
3269660,1
3270660,2
3271661,3
3272661,3
3273662,4
3274662,2
3275663,2
3276663,1
3277664,4
3278664,3
3279665,4
3280665,4
3281666,3
3282666,5
3283667,2
3284667,6
3285668,0
3286668,4
3287669,2
3288669,3
3289670,2
3290670,4
3291671,1
3292671,1
3293672,4
3294672,3
3295673,4
3296673,2
3297674,2
3298674,2
3299675,2
3300675,5
3301676,6
3302676,5
3303677,0
3304677,3
3305678,2
3306678,2
3307679,3
3308679,0
3309680,2
3310680,2
3311681,3
3312681,5
3313682,1
3314682,3
3315683,4
3316683,3
3317684,4
3318684,5
3319685,5
3320685,2
3321686,2
3322686,2
3323687,2
3324687,3
3325688,4
3326688,3
3327689,5
3328689,4
3329690,3
3330690,4
3331691,1
3332691,3
3333692,2
3334692,2
3335693,3
3336693,7
3337694,3
3338694,3
3339695,1
3340695,4
3341696,1
3342696,3
3343697,3
3344697,4
3345698,0
3346698,2
3347699,3
3348699,8
3349700,6
3350700,2
3351701,2
3352701,5
3353702,2
3354702,4
3355703,2
3356703,1
3357704,4
3358704,3
3359705,3
3360705,2
3361706,3
3362706,3
3363707,6
3364707,5
3365708,7
3366708,7
3367709,1
3368709,3
3369710,3
3370710,2
3371711,3
3372711,6
3373712,3
3374712,6
3375713,5
3376713,7
3377714,1
3378714,1
3379715,3
3380715,6
3381716,1
3382716,5
3383717,3
3384717,2
3385718,3
3386718,4
3387719,5
3388719,2
3389720,4
3390720,0
3391721,3
3392721,3
3393722,7
3394722,3
3395723,8
3396723,4
3397724,6
3398724,3
3399725,2
3400725,5
3401726,0
3402726,1
3403727,4
3404727,0
3405728,4
3406728,2
3407729,4
3408729,5
3409730,1
3410730,2
3411731,4
3412731,4
3413732,1
3414732,4
3415733,4
3416733,3
3417734,2
3418734,3
3419735,5
3420735,1
3421736,2
3422736,3
3423737,3
3424737,2
3425738,2
3426738,6
3427739,0
3428739,4
3429740,3
3430740,4
3431741,2
3432741,5
3433742,2
3434742,3
3435743,1
3436743,8
3437744,3
3438744,5
3439745,4
3440745,6
3441746,1
3442746,1
3443747,5
3444747,1
3445748,4
3446748,4
3447749,2
3448749,2
3449750,2
3450750,4
3451751,3
3452751,7
3453752,2
3454752,6
3455753,4
3456753,0
3457754,3
3458754,6
3459755,2
3460755,5
3461756,2
3462756,3
3463757,6
3464757,2
3465758,3
3466758,1
3467759,7
3468759,4
3469760,1
3470760,9
3471761,9
3472761,2
3473762,3
3474762,3
3475763,1
3476763,2
3477764,1
3478764,8
3479765,3
3480765,1
3481766,3
3482766,2
3483767,3
3484767,3
3485768,5
3486768,0
3487769,4
3488769,2
3489770,1
3490770,4
3491771,4
3492771,8
3493772,8
3494772,1
3495773,2
3496773,1
3497774,0
3498774,1
3499775,6
3500775,2
3501776,3
3502776,2
3503777,4
3504777,8
3505778,2
3506778,3
3507779,1
3508779,6
3509780,2
3510780,1
3511781,4
3512781,3
3513782,6
3514782,5
3515783,2
3516783,7
3517784,2
3518784,1
3519785,3
3520785,4
3521786,5
3522786,3
3523787,5
3524787,4
3525788,4
3526788,5
3527789,2
3528789,7
3529790,4
3530790,1
3531791,4
3532791,0
3533792,4
3534792,3
3535793,4
3536793,7
3537794,2
3538794,3
3539795,2
3540795,3
3541796,6
3542796,0
3543797,4
3544797,1
3545798,2
3546798,7
3547799,6
3548799,5
3549800,1
3550800,4
3551801,5
3552801,3
3553802,2
3554802,4
3555803,2
3556803,2
3557804,2
3558804,2
3559805,6
3560805,1
3561806,3
3562806,2
3563807,3
3564807,4
3565808,3
3566808,4
3567809,1
3568809,4
3569810,3
3570810,1
3571811,5
3572811,2
3573812,3
3574812,5
3575813,6
3576813,2
3577814,2
3578814,4
3579815,3
3580815,6
3581816,6
3582816,5
3583817,3
3584817,4
3585818,5
3586818,5
3587819,4
3588819,2
3589820,2
3590820,2
3591821,3
3592821,5
3593822,3
3594822,2
3595823,3
3596823,2
3597824,2
3598824,4
3599825,4
3600825,2
3601826,2
3602826,3
3603827,4
3604827,5
3605828,2
3606828,6
3607829,8
3608829,1
3609830,2
3610830,2
3611831,6
3612831,4
3613832,1
3614832,1
3615833,2
3616833,7
3617834,6
3618834,2
3619835,13
3620835,3
3621836,5
3622836,13
3623837,5
3624837,4
3625838,4
3626838,7
3627839,9
3628839,7
3629840,2
3630840,8
3631841,1
3632841,3
3633842,8
3634842,4
3635843,3
3636843,2
3637844,5
3638844,5
3639845,7
3640845,4
3641846,2
3642846,7
3643847,5
3644847,3
3645848,3
3646848,6
3647849,1
3648849,7
3649850,2
3650850,6
3651851,3
3652851,6
3653852,7
3654852,2
3655853,6
3656853,9
3657854,1
3658854,2
3659855,3
3660855,6
3661856,8
3662856,7
3663857,5
3664857,1
3665858,5
3666858,5
3667859,0
3668859,0
3669860,2
3670860,5
3671861,6
3672861,2
3673862,2
3674862,4
3675863,5
3676863,3
3677864,5
3678864,4
3679865,8
3680865,2
3681866,6
3682866,3
3683867,3
3684867,5
3685868,2
3686868,3
3687869,5
3688869,6
3689870,3
3690870,3
3691871,3
3692871,12
3693872,2
3694872,4
3695873,6
3696873,1
3697874,3
3698874,5
3699875,6
3700875,3
3701876,5
3702876,3
3703877,2
3704877,8
3705878,1
3706878,4
3707879,6
3708879,4
3709880,2
3710880,5
3711881,7
3712881,3
3713882,6
3714882,5
3715883,5
3716883,7
3717884,5
3718884,7
3719885,6
3720885,2
3721886,1
3722886,4
3723887,4
3724887,4
3725888,5
3726888,5
3727889,4
3728889,3
3729890,5
3730890,5
3731891,4
3732891,6
3733892,4
3734892,9
3735893,5
3736893,3
3737894,7
3738894,1
3739895,5
3740895,0
3741896,4
3742896,4
3743897,6
3744897,6
3745898,3
3746898,4
3747899,2
3748899,3
3749900,2
3750900,3
3751901,5
3752901,3
3753902,4
3754902,5
3755903,3
3756903,4
3757904,5
3758904,4
3759905,7
3760905,4
3761906,7
3762906,10
3763907,5
3764907,4
3765908,5
3766908,5
3767909,3
3768909,1
3769910,4
3770910,5
3771911,5
3772911,1
3773912,3
3774912,7
3775913,6
3776913,6
3777914,5
3778914,1
3779915,10
3780915,3
3781916,3
3782916,3
3783917,3
3784917,6
3785918,9
3786918,2
3787919,3
3788919,2
3789920,1
3790920,5
3791921,3
3792921,2
3793922,1
3794922,1
3795923,4
3796923,2
3797924,3
3798924,6
3799925,3
3800925,1
3801926,3
3802926,7
3803927,3
3804927,3
3805928,10
3806928,1
3807929,1
3808929,4
3809930,6
3810930,4
3811931,2
3812931,4
3813932,3
3814932,4
3815933,7
3816933,3
3817934,6
3818934,0
3819935,5
3820935,10
3821936,4
3822936,8
3823937,2
3824937,7
3825938,4
3826938,3
3827939,1
3828939,3
3829940,6
3830940,6
3831941,4
3832941,3
3833942,7
3834942,6
3835943,3
3836943,2
3837944,3
3838944,8
3839945,5
3840945,2
3841946,1
3842946,3
3843947,6
3844947,4
3845948,7
3846948,7
3847949,6
3848949,2
3849950,5
3850950,4
3851951,4
3852951,2
3853952,5
3854952,4
3855953,4
3856953,4
3857954,3
3858954,2
3859955,2
3860955,7
3861956,9
3862956,5
3863957,4
3864957,2
3865958,4
3866958,3
3867959,7
3868959,3
3869960,4
3870960,0
3871961,4
3872961,3
3873962,8
3874962,4
3875963,5
3876963,2
3877964,0
3878964,8
3879965,6
3880965,9
3881966,3
3882966,1
3883967,7
3884967,4
3885968,5
3886968,4
3887969,8
3888969,11
3889970,3
3890970,4
3891971,6
3892971,4
3893972,4
3894972,5
3895973,4
3896973,11
3897974,0
3898974,3
3899975,10
3900975,5
3901976,3
3902976,3
3903977,6
3904977,5
3905978,4
3906978,4
3907979,1
3908979,8
3909980,7
3910980,3
3911981,6
3912981,3
3913982,6
3914982,7
3915983,6
3916983,6
3917984,6
3918984,4
3919985,5
3920985,2
3921986,4
3922986,8
3923987,5
3924987,6
3925988,5
3926988,9
3927989,4
3928989,1
3929990,6
3930990,5
3931991,8
3932991,8
3933992,6
3934992,1
3935993,1
3936993,4
3937994,7
3938994,5
3939995,2
3940995,6
3941996,4
3942996,5
3943997,3
3944997,3
3945998,5
3946998,2
3947999,5
3948999,8
3950000,7
3951000,4
3952001,7
3953001,6
3954002,4
3955002,9
3956003,4
3957003,4
3958004,4
3959004,5
3960066,3
3961066,4
3962067,2
3963067,7
3964068,6
3965068,3
3966069,1
3967069,5
3968070,1
3969070,7
3970071,4
3971071,4
3972072,10
3973072,7
3974073,2
3975073,5
3976074,6
3977074,2
3978075,5
3979075,4
3980076,7
3981076,7
3982077,5
3983077,8
3984078,8
3985078,8
3986079,4
3987079,4
3988080,4
3989080,1
3990081,5
3991081,3
3992082,4
3993082,9
3994083,6
3995083,4
3996084,3
3997084,9
3998085,5
3999085,5
4000086,6
4001086,6
4002087,6
4003087,2
4004088,3
4005088,4
4006089,3
4007089,3
4008090,1
4009090,5
4010091,3
4011091,2
4012092,4
4013092,3
4014093,4
4015093,4
4016094,5
4017094,4
4018095,10
4019095,8
4020096,2
4021096,5
4022097,3
4023097,5
4024098,3
4025098,5
4026099,3
4027099,5
4028100,7
4029100,4
4030101,5
4031101,4
4032102,4
4033102,3
4034103,8
4035103,5
4036104,2
4037104,6
4038105,4
4039105,7
4040106,1
4041106,5
4042107,8
4043107,4
4044108,3
4045108,5
4046109,2
4047109,13
4048110,6
4049110,6
4050111,4
4051111,7
4052112,2
4053112,3
4054113,6
4055113,12
4056114,6
4057114,5
4058115,2
4059115,13
4060116,8
4061116,1
4062117,6
4063117,5
4064118,2
4065118,5
4066119,7
4067119,6
4068120,7
4069120,7
4070121,3
4071121,5
4072122,7
4073122,4
4074123,7
4075123,10
4076124,5
4077124,3
4078125,3
4079125,3
4080153,9
4081153,7
4082154,3
4083154,4
4084155,5
4085155,8
4086156,4
4087156,5
4088157,10
4089157,6
4090158,8
4091158,6
4092159,6
4093159,10
4094160,3
4095160,8
4096161,6
4097161,6
4098162,7
4099162,3
4100163,7
4101163,6
4102164,7
4103164,8
4104165,5
4105165,2
4106166,6
4107166,3
4108167,3
4109167,7
4110168,8
4111168,2
4112169,8
4113169,8
4114170,7
4115170,2
4116171,3
4117171,0
4118172,9
4119172,3
4120173,7
4121173,5
4122174,6
4123174,7
4124175,5
4125175,5
4126176,8
4127176,9
4128177,6
4129177,6
4130178,5
4131178,9
4132179,6
4133179,6
4134180,11
4135180,7
4136181,6
4137181,3
4138182,8
4139182,1
4140183,7
4141183,9
4142184,8
4143184,0
4144185,2
4145185,2
4146186,6
4147186,11
4148187,6
4149187,8
4150188,5
4151188,6
4152189,9
4153189,3
4154190,10
4155190,7
4156191,9
4157191,4
4158192,10
4159192,3
4160193,12
4161193,4
4162194,8
4163194,6
4164195,4
4165195,6
4166196,7
4167196,5
4168197,2
4169197,4
4170198,3
4171198,6
4172199,8
4173199,3
4174200,3
4175200,4
4176201,5
4177201,8
4178202,11
4179202,4
4180203,3
4181203,0
4182204,5
4183204,9
4184205,4
4185205,6
4186206,10
4187206,8
4188207,5
4189207,2
4190208,4
4191208,1
4192209,5
4193209,6
4194210,2
4195210,6
4196211,1
4197211,1
4198212,8
4199212,5
4200213,4
4201213,8
4202214,5
4203214,5
4204215,5
4205215,5
4206216,4
4207216,10
4208217,8
4209217,6
4210218,6
4211218,3
4212219,2
4213219,5
4214220,7
4215220,4
4216221,5
4217221,3
4218222,6
4219222,2
4220223,6
4221223,8
4222224,4
4223224,8
4224225,9
4225225,7
4226226,6
4227226,2
4228227,5
4229227,13
4230228,12
4231228,4
4232229,5
4233229,6
4234230,5
4235230,5
4236231,7
4237231,6
4238232,4
4239232,6
4240233,10
4241233,5
4242234,9
4243234,7
4244235,5
4245235,4
4246236,3
4247236,4
4248237,5
4249237,8
4250238,2
4251238,5
4252239,3
4253239,8
4254240,6
4255240,4
4256241,6
4257241,10
4258242,8
4259242,4
4260243,6
4261243,4
4262244,5
4263244,8
4264245,5
4265245,5
4266246,6
4267246,3
4268247,2
4269247,3
4270248,4
4271248,2
4272249,8
4273249,10
4274250,15
4275250,4
4276251,7
4277251,9
4278252,3
4279252,8
4280253,4
4281253,10
4282254,3
4283254,7
4284255,5
4285255,6
4286256,5
4287256,5
4288257,9
4289257,4
4290258,7
4291258,4
4292259,6
4293259,8
4294260,10
4295260,4
4296261,7
4297261,10
4298262,11
4299262,7
4300263,4
4301263,3
4302264,4
4303264,5
4304265,5
4305265,6
4306266,2
4307266,6
4308267,6
4309267,5
4310268,3
4311268,4
4312269,5
4313269,7
4314270,6
4315270,9
4316271,5
4317271,12
4318272,5
4319272,8
4320273,14
4321273,2
4322274,9
4323274,9
4324275,12
4325275,10
4326276,7
4327276,6
4328277,4
4329277,11
4330278,6
4331278,6
4332279,7
4333279,9
4334280,7
4335280,6
4336281,6
4337281,3
4338282,6
4339282,5
4340283,8
4341283,8
4342284,7
4343284,4
4344285,5
4345285,6
4346286,3
4347286,7
4348287,9
4349287,9
4350288,5
4351288,5
4352289,6
4353289,6
4354290,5
4355290,10
4356291,8
4357291,8
4358292,7
4359292,3
4360293,8
4361293,11
4362294,4
4363294,8
4364295,8
4365295,6
4366296,1
4367296,6
4368297,12
4369297,5
4370298,13
4371298,5
4372299,9
4373299,10
4374300,4
4375300,12
4376301,9
4377301,9
4378302,8
4379302,6
4380303,9
4381303,8
4382304,9
4383304,6
4384305,2
4385305,3
4386306,3
4387306,4
4388307,12
4389307,6
4390308,2
4391308,8
4392309,7
4393309,6
4394310,4
4395310,9
4396311,7
4397311,5
4398312,8
4399312,13
4400313,10
4401313,5
4402314,8
4403314,3
4404315,4
4405315,4
4406316,6
4407316,5
4408317,5
4409317,3
4410318,7
4411318,4
4412319,4
4413319,3
4414320,6
4415320,7
4416321,8
4417321,4
4418322,7
4419322,4
4420323,3
4421323,8
4422324,5
4423324,5
4424325,1
4425325,8
4426326,8
4427326,4
4428327,3
4429327,4
4430328,5
4431328,3
4432329,11
4433329,7
4434330,10
4435330,6
4436331,6
4437331,5
4438332,6
4439332,8
4440333,6
4441333,7
4442334,4
4443334,6
4444335,4
4445335,8
4446336,6
4447336,6
4448337,9
4449337,4
4450338,3
4451338,7
4452339,6
4453339,6
4454340,6
4455340,5
4456341,6
4457341,3
4458342,9
4459342,7
4460343,2
4461343,11
4462344,8
4463344,7
4464345,12
4465345,5
4466346,10
4467346,7
4468347,10
4469347,7
4470348,5
4471348,5
4472349,5
4473349,17
4474350,3
4475350,10
4476351,7
4477351,3
4478352,9
4479352,4
4480353,11
4481353,5
4482354,7
4483354,6
4484355,12
4485355,7
4486356,4
4487356,8
4488357,12
4489357,4
4490358,5
4491358,7
4492359,5
4493359,3
4494360,10
4495360,9
4496361,6
4497361,10
4498362,8
4499362,3
4500363,5
4501363,5
4502364,5
4503364,5
4504365,7
4505365,8
4506366,11
4507366,3
4508367,5
4509367,8
4510368,9
4511368,9
4512369,9
4513369,12
4514370,6
4515370,7
4516371,6
4517371,12
4518372,10
4519372,4
4520373,8
4521373,7
4522374,8
4523374,6
4524375,7
4525375,7
4526376,7
4527376,9
4528377,6
4529377,1
4530378,6
4531378,8
4532379,9
4533379,8
4534380,8
4535380,6
4536381,5
4537381,11
4538382,7
4539382,5
4540383,8
4541383,6
4542384,4
4543384,8
4544385,6
4545385,3
4546386,9
4547386,5
4548387,5
4549387,5
4550388,6
4551388,8
4552389,5
4553389,11
4554390,11
4555390,1
4556391,6
4557391,8
4558392,7
4559392,8
4560393,5
4561393,8
4562394,13
4563394,7
4564395,8
4565395,13
4566396,9
4567396,9
4568397,4
4569397,7
4570398,8
4571398,7
4572399,16
4573399,5
4574400,11
4575400,9
4576401,7
4577401,7
4578402,11
4579402,8
4580403,4
4581403,8
4582404,7
4583404,6
4584405,14
4585405,13
4586406,9
4587406,6
4588407,9
4589407,8
4590408,10
4591408,10
4592409,8
4593409,12
4594410,7
4595410,5
4596411,8
4597411,9
4598412,7
4599412,6
4600413,5
4601413,5
4602414,9
4603414,9
4604415,7
4605415,4
4606416,6
4607416,7
4608417,8
4609417,4
4610418,10
4611418,8
4612419,3
4613419,4
4614420,5
4615420,6
4616421,9
4617421,7
4618422,3
4619422,7
4620423,12
4621423,4
4622424,6
4623424,3
4624425,9
4625425,5
4626426,2
4627426,7
4628427,8
4629427,5
4630428,12
4631428,5
4632429,7
4633429,6
4634430,10
4635430,5
4636431,12
4637431,11
4638432,8
4639432,7
4640433,8
4641433,8
4642434,10
4643434,4
4644435,6
4645435,5
4646436,10
4647436,11
4648437,5
4649437,11
4650438,6
4651438,3
4652439,9
4653439,6
4654440,9
4655440,6
4656441,8
4657441,5
4658442,10
4659442,9
4660443,10
4661443,10
4662444,7
4663444,3
4664445,1
4665445,4
4666446,5
4667446,9
4668447,6
4669447,7
4670448,8
4671448,8
4672449,5
4673449,8
4674450,7
4675450,6
4676451,5
4677451,5
4678452,5
4679452,10
4680453,11
4681453,2
4682454,6
4683454,6
4684455,7
4685455,4
4686456,6
4687456,10
4688457,6
4689457,9
4690458,11
4691458,6
4692459,9
4693459,8
4694460,9
4695460,8
4696461,4
4697461,9
4698462,8
4699462,10
4700463,5
4701463,4
4702464,5
4703464,5
4704465,4
4705465,10
4706466,4
4707466,8
4708467,6
4709467,5
4710468,9
4711468,9
4712469,12
4713469,7
4714470,7
4715470,4
4716471,7
4717471,5
4718472,7
4719472,4
4720473,7
4721473,14
4722474,11
4723474,12
4724475,7
4725475,10
4726476,8
4727476,11
4728477,7
4729477,6
4730478,10
4731478,11
4732479,7
4733479,8
4734480,9
4735480,7
4736481,8
4737481,11
4738482,4
4739482,4
4740483,9
4741483,8
4742484,9
4743484,6
4744485,3
4745485,6
4746486,11
4747486,8
4748487,12
4749487,9
4750488,10
4751488,9
4752489,14
4753489,10
4754490,8
4755490,7
4756491,8
4757491,3
4758492,4
4759492,8
4760493,11
4761493,10
4762494,6
4763494,10
4764495,8
4765495,8
4766496,11
4767496,7
4768497,8
4769497,8
4770498,9
4771498,4
4772499,9
4773499,10
4774500,2
4775500,4
4776501,10
4777501,1
4778502,8
4779502,8
4780503,7
4781503,7
4782504,3
4783504,11
4784505,9
4785505,7
4786506,9
4787506,8
4788507,11
4789507,4
4790508,8
4791508,9
4792509,5
4793509,5
4794510,4
4795510,7
4796511,10
4797511,3
4798512,10
4799512,9
4800513,7
4801513,10
4802514,6
4803514,3
4804515,19
4805515,5
4806516,5
4807516,4
4808517,11
4809517,8
4810518,6
4811518,9
4812519,11
4813519,12
4814520,14
4815520,13
4816521,12
4817521,4
4818522,3
4819522,5
4820523,3
4821523,8
4822524,4
4823524,8
4824525,11
4825525,7
4826526,13
4827526,9
4828527,11
4829527,11
4830528,5
4831528,11
4832529,10
4833529,10
4834530,10
4835530,14
4836531,9
4837531,6
4838532,8
4839532,8
4840533,7
4841533,3
4842534,8
4843534,5
4844535,7
4845535,11
4846536,9
4847536,10
4848537,10
4849537,10
4850538,7
4851538,13
4852539,8
4853539,4
4854540,12
4855540,11
4856541,8
4857541,4
4858542,5
4859542,8
4860543,8
4861543,5
4862544,11
4863544,6
4864545,7
4865545,14
4866546,5
4867546,5
4868547,8
4869547,13
4870548,7
4871548,6
4872549,6
4873549,9
4874550,4
4875550,15
4876551,5
4877551,6
4878552,9
4879552,8
4880553,7
4881553,8
4882554,10
4883554,12
4884555,11
4885555,8
4886556,7
4887556,6
4888557,8
4889557,7
4890558,10
4891558,8
4892559,12
4893559,5
4894560,6
4895560,9
4896561,10
4897561,10
4898562,4
4899562,8
4900563,11
4901563,8
4902564,3
4903564,6
4904565,8
4905565,17
4906566,8
4907566,11
4908567,5
4909567,3
4910568,2
4911568,8
4912569,4
4913569,5
4914570,8
4915570,12
4916571,7
4917571,11
4918572,6
4919572,8
4920573,8
4921573,7
4922574,7
4923574,10
4924575,3
4925575,14
4926576,9
4927576,9
4928577,9
4929577,5
4930578,10
4931578,5
4932579,9
4933579,8
4934580,9
4935580,6
4936581,9
4937581,10
4938582,10
4939582,5
4940583,7
4941583,6
4942584,7
4943584,6
4944585,10
4945585,5
4946586,17
4947586,13
4948587,10
4949587,7
4950588,12
4951588,7
4952589,8
4953589,8
4954590,10
4955590,17
4956591,10
4957591,11
4958592,10
4959592,8
4960593,11
4961593,7
4962594,6
4963594,6
4964595,11
4965595,7
4966596,4
4967596,17
4968597,15
4969597,5
4970598,9
4971598,9
4972599,6
4973599,9
4974600,8
4975600,12
4976601,8
4977601,9
4978602,14
4979602,4
4980603,9
4981603,11
4982604,5
4983604,6
4984605,9
4985605,11
4986606,7
4987606,10
4988607,20
4989607,12
4990608,11
4991608,8
4992609,9
4993609,8
4994610,14
4995610,6
4996611,7
4997611,10
4998612,9
4999612,8
5000613,12
5001613,5
5002614,13
5003614,9
5004615,5
5005615,6
5006616,7
5007616,11
5008617,8
5009617,15
5010618,13
5011618,9
5012619,5
5013619,6
5014620,5
5015620,8
5016621,5
5017621,7
5018622,12
5019622,12
5020623,5
5021623,10
5022624,9
5023624,9
5024625,8
5025625,10
5026626,11
5027626,9
5028627,13
5029627,7
5030628,8
5031628,6
5032629,6
5033629,6
5034630,14
5035630,8
5036631,13
5037631,6
5038632,7
5039632,10
5040633,7
5041633,7
5042634,11
5043634,13
5044635,4
5045635,7
5046636,9
5047636,12
5048637,8
5049637,2
5050638,12
5051638,9
5052639,7
5053639,9
5054640,5
5055640,5
5056641,4
5057641,10
5058642,7
5059642,3
5060643,12
5061643,7
5062644,12
5063644,7
5064645,5
5065645,11
5066646,8
5067646,8
5068647,17
5069647,9
5070648,6
5071648,10
5072649,8
5073649,15
5074650,6
5075650,6
5076651,8
5077651,12
5078652,11
5079652,5
5080653,8
5081653,18
5082654,9
5083654,5
5084655,5
5085655,2
5086656,16
5087656,6
5088657,10
5089657,13
5090658,10
5091658,11
5092659,12
5093659,13
5094660,6
5095660,6
5096661,9
5097661,12
5098662,8
5099662,10
5100663,11
5101663,8
5102664,5
5103664,15
5104665,12
5105665,11
5106666,11
5107666,7
5108667,7
5109667,9
5110668,8
5111668,15
5112669,6
5113669,7
5114670,9
5115670,9
5116671,9
5117671,12
5118672,11
5119672,8
5120673,12
5121673,5
5122674,5
5123674,5
5124675,8
5125675,5
5126676,10
5127676,13
5128677,8
5129677,8
5130678,9
5131678,8
5132679,11
5133679,11
5134680,7
5135680,8
5136681,9
5137681,6
5138682,7
5139682,7
5140683,7
5141683,13
5142684,11
5143684,4
5144685,12
5145685,9
5146686,10
5147686,14
5148687,13
5149687,9
5150688,12
5151688,6
5152689,8
5153689,8
5154690,17
5155690,8
5156691,14
5157691,13
5158692,8
5159692,4
5160693,12
5161693,8
5162694,8
5163694,13
5164695,2
5165695,13
5166696,12
5167696,9
5168697,3
5169697,13
5170698,13
5171698,13
5172699,13
5173699,9
5174700,5
5175700,6
5176701,12
5177701,8
5178702,11
5179702,8
5180703,4
5181703,11
5182704,14
5183704,6
5184705,3
5185705,10
5186706,10
5187706,9
5188707,16
5189707,9
5190708,10
5191708,13
5192709,14
5193709,7
5194710,10
5195710,9
5196711,9
5197711,10
5198712,10
5199712,4
5200713,9
5201713,10
5202714,3
5203714,8
5204715,7
5205715,14
5206716,9
5207716,10
5208717,10
5209717,9
5210718,12
5211718,9
5212719,10
5213719,10
5214720,15
5215720,8
5216721,7
5217721,12
5218722,9
5219722,6
5220723,7
5221723,11
5222724,10
5223724,12
5224725,8
5225725,10
5226726,5
5227726,7
5228727,4
5229727,6
5230728,11
5231728,4
5232729,12
5233729,2
5234730,8
5235730,5
5236731,6
5237731,9
5238732,11
5239732,8
5240733,12
5241733,8
5242734,9
5243734,12
5244735,4
5245735,9
5246736,13
5247736,11
5248737,16
5249737,5
5250738,9
5251738,16
5252739,7
5253739,9
5254740,10
5255740,17
5256741,5
5257741,13
5258742,9
5259742,8
5260743,15
5261743,7
5262744,5
5263744,15
5264745,9
5265745,10
5266746,10
5267746,12
5268747,9
5269747,15
5270748,16
5271748,3
5272749,10
5273749,10
5274750,6
5275750,12
5276751,5
5277751,6
5278752,11
5279752,11
5280753,10
5281753,10
5282754,16
5283754,7
5284755,11
5285755,10
5286756,4
5287756,7
5288757,7
5289757,10
5290758,9
5291758,10
5292759,11
5293759,10
5294760,17
5295760,3
5296761,11
5297761,7
5298762,17
5299762,13
5300763,13
5301763,7
5302764,9
5303764,7
5304765,8
5305765,4
5306766,10
5307766,7
5308767,12
5309767,12
5310768,8
5311768,9
5312769,13
5313769,11
5314770,8
5315770,8
5316771,3
5317771,15
5318772,7
5319772,7
5320773,12
5321773,11
5322774,5
5323774,11
5324775,6
5325775,4
5326776,7
5327776,7
5328777,13
5329777,15
5330778,9
5331778,11
5332779,10
5333779,2
5334780,12
5335780,7
5336781,9
5337781,9
5338782,15
5339782,12
5340783,12
5341783,7
5342784,6
5343784,9
5344785,12
5345785,6
5346786,5
5347786,4
5348787,5
5349787,12
5350788,7
5351788,8
5352789,10
5353789,8
5354790,8
5355790,8
5356791,13
5357791,8
5358792,12
5359792,14
5360793,12
5361793,8
5362794,9
5363794,16
5364795,9
5365795,4
5366796,6
5367796,7
5368797,14
5369797,17
5370798,6
5371798,3
5372799,6
5373799,5
5374800,10
5375800,6
5376801,17
5377801,5
5378802,9
5379802,10
5380803,8
5381803,4
5382804,5
5383804,8
5384805,3
5385805,14
5386806,7
5387806,16
5388807,8
5389807,13
5390808,5
5391808,10
5392809,11
5393809,8
5394810,5
5395810,8
5396811,8
5397811,12
5398812,8
5399812,8
5400813,4
5401813,6
5402814,9
5403814,8
5404815,10
5405815,3
5406816,4
5407816,8
5408817,11
5409817,12
5410818,7
5411818,9
5412819,12
5413819,13
5414820,6
5415820,11
5416821,10
5417821,12
5418822,8
5419822,8
5420823,5
5421823,9
5422824,6
5423824,7
5424825,4
5425825,9
5426826,8
5427826,21
5428827,13
5429827,5
5430828,9
5431828,15
5432829,7
5433829,10
5434830,13
5435830,15
5436831,6
5437831,7
5438832,17
5439832,11
5440833,12
5441833,7
5442834,14
5443834,7
5444835,13
5445835,14
5446836,13
5447836,14
5448837,14
5449837,8
5450838,13
5451838,5
5452839,11
5453839,11
5454840,9
5455840,12
5456841,7
5457841,8
5458842,11
5459842,8
5460843,9
5461843,8
5462844,9
5463844,5
5464845,11
5465845,8
5466846,13
5467846,11
5468847,10
5469847,11
5470848,10
5471848,9
5472849,13
5473849,8
5474850,7
5475850,8
5476851,8
5477851,13
5478852,10
5479852,8
5480853,14
5481853,15
5482854,5
5483854,12
5484855,9
5485855,7
5486856,5
5487856,9
5488857,8
5489857,7
5490858,13
5491858,10
5492859,7
5493859,9
5494860,11
5495860,10
5496861,11
5497861,8
5498862,9
5499862,10
5500863,11
5501863,14
5502864,7
5503864,11
5504865,9
5505865,12
5506866,6
5507866,12
5508867,7
5509867,8
5510868,8
5511868,12
5512869,6
5513869,10
5514870,10
5515870,7
5516871,11
5517871,11
5518872,10
5519872,8
5520873,6
5521873,9
5522874,10
5523874,8
5524875,12
5525875,15
5526876,8
5527876,14
5528877,15
5529877,10
5530878,7
5531878,12
5532879,6
5533879,8
5534880,10
5535880,11
5536881,10
5537881,8
5538882,12
5539882,6
5540883,11
5541883,11
5542884,9
5543884,4
5544885,13
5545885,17
5546886,9
5547886,3
5548887,4
5549887,8
5550888,7
5551888,9
5552889,11
5553889,10
5554890,8
5555890,12
5556891,9
5557891,8
5558892,10
5559892,10
5560893,6
5561893,10
5562894,4
5563894,16
5564895,12
5565895,6
5566896,7
5567896,14
5568897,12
5569897,6
5570898,11
5571898,13
5572899,7
5573899,11
5574900,10
5575900,8
5576901,6
5577901,11
5578902,5
5579902,11
5580903,6
5581903,12
5582904,9
5583904,10
5584905,8
5585905,14
5586906,7
5587906,10
5588907,8
5589907,8
5590908,8
5591908,9
5592909,11
5593909,7
5594910,5
5595910,12
5596911,4
5597911,12
5598912,10
5599912,14
5600913,12
5601913,8
5602914,8
5603914,13
5604915,16
5605915,8
5606916,11
5607916,14
5608917,10
5609917,10
5610918,7
5611918,8
5612919,10
5613919,8
5614920,18
5615920,11
5616921,16
5617921,18
5618922,11
5619922,5
5620923,7
5621923,7
5622924,13
5623924,9
5624925,14
5625925,7
5626926,7
5627926,13
5628927,7
5629927,9
5630928,7
5631928,8
5632929,8
5633929,10
5634930,14
5635930,14
5636931,3
5637931,7
5638932,17
5639932,7
5640933,18
5641933,16
5642934,15
5643934,12
5644935,11
5645935,5
5646936,14
5647936,8
5648937,6
5649937,10
5650938,16
5651938,10
5652939,10
5653939,11
5654940,12
5655940,13
5656941,3
5657941,9
5658942,12
5659942,8
5660943,11
5661943,14
5662944,17
5663944,12
5664945,10
5665945,13
5666946,10
5667946,8
5668947,7
5669947,3
5670948,9
5671948,4
5672949,10
5673949,13
5674950,6
5675950,8
5676951,9
5677951,13
5678952,11
5679952,8
5680953,9
5681953,3
5682954,13
5683954,5
5684955,14
5685955,13
5686956,13
5687956,13
5688957,5
5689957,10
5690958,8
5691958,18
5692959,7
5693959,8
5694960,11
5695960,14
5696961,11
5697961,10
5698962,6
5699962,9
5700963,8
5701963,5
5702964,5
5703964,13
5704965,9
5705965,11
5706966,12
5707966,6
5708967,9
5709967,10
5710968,14
5711968,13
5712969,14
5713969,8
5714970,6
5715970,14
5716971,10
5717971,11
5718972,16
5719972,13
5720973,7
5721973,6
5722974,8
5723974,18
5724975,13
5725975,5
5726976,6
5727976,6
5728977,14
5729977,10
5730978,6
5731978,12
5732979,10
5733979,11
5734980,13
5735980,4
5736981,11
5737981,13
5738982,16
5739982,18
5740983,10
5741983,5
5742984,6
5743984,7
5744985,9
5745985,7
5746986,3
5747986,10
5748987,10
5749987,7
5750988,9
5751988,9
5752989,8
5753989,15
5754990,9
5755990,7
5756991,15
5757991,11
5758992,9
5759992,8
5760993,6
5761993,7
5762994,8
5763994,11
5764995,20
5765995,12
5766996,5
5767996,9
5768997,13
5769997,14
5770998,8
5771998,10
5772999,11
5773999,10
5775000,16
5776000,16
5777001,12
5778001,6
5779002,11
5780002,4
5781003,12
5782003,11
5783004,6
5784004,5
5785005,13
5786005,8
5787006,6
5788006,11
5789007,5
5790133,11
5791133,8
5792133,9
5793133,11
5794133,11
5795133,8
5796133,10
5797133,10
5798133,13
5799133,14
5800133,14
5801133,6
5802133,12
5803133,6
5804133,9
5805133,6
5806133,3
5807133,7
5808133,13
5809133,10
5810133,11
5811133,11
5812133,11
5813133,11
5814133,7
5815133,15
5816133,13
5817133,4
5818133,12
5819133,8
5820133,8
5821133,13
5822133,10
5823133,6
5824133,3
5825133,6
5826133,8
5827133,9
5828133,7
5829133,17
5830133,10
5831133,13
5832133,11
5833133,13
5834133,15
5835133,11
5836133,8
5837133,17
5838133,10
5839133,11
5840133,10
5841133,6
5842133,14
5843133,16
5844133,11
5845133,8
5846133,13
5847133,7
5848133,8
5849133,9
5850133,9
5851133,8
5852133,12
5853133,5
5854133,8
5855133,9
5856133,6
5857133,7
5858133,8
5859133,18
5860133,13
5861133,19
5862133,14
5863133,9
5864133,17
5865133,16
5866133,13
5867133,6
5868133,10
5869133,10
5870133,11
5871133,16
5872133,10
5873133,10
5874133,11
5875133,12
5876133,6
5877133,6
5878133,13
5879133,9
5880133,12
5881133,12
5882133,12
5883133,10
5884133,4
5885133,16
5886133,7
5887133,14
5888133,9
5889133,7
5890133,16
5891133,9
5892133,14
5893133,10
5894133,14
5895133,10
5896133,10
5897133,9
5898133,10
5899133,11
5900133,7
5901133,5
5902133,13
5903133,4
5904133,10
5905133,5
5906133,10
5907133,10
5908133,10
5909133,8
5910133,9
5911133,11
5912133,12
5913133,10
5914133,8
5915133,11
5916133,4
5917133,11
5918133,11
5919133,11
5920133,6
5921133,5
5922133,11
5923133,10
5924133,4
5925133,10
5926133,11
5927133,11
5928133,12
5929133,3
5930133,4
5931133,11
5932133,4
5933133,5
5934133,7
5935133,8
5936133,11
5937133,4
5938133,16
5939133,1
5940133,7
5941133,7
5942133,12
5943133,7
5944133,13
5945133,12
5946133,10
5947133,13
5948133,11
5949133,12
5950133,13
5951133,10
5952133,18
5953133,7
5954133,16
5955133,13
5956133,6
5957133,13
5958133,15
5959133,6
5960133,7
5961133,14
5962133,5
5963133,16
5964133,16
5965133,6
5966133,8
5967133,18
5968133,17
5969133,5
5970133,10
5971133,14
5972133,9
5973133,11
5974133,8
5975133,13
5976133,12
5977133,5
5978133,11
5979133,7
5980133,10
5981133,22
5982133,6
5983133,12
5984133,12
5985133,5
5986133,12
5987133,14
5988133,11
5989133,7
5990133,8
5991133,8
5992133,14
5993133,12
5994133,9
5995133,13
5996133,10
5997133,9
5998133,5
5999133,10
6000147,6
6001147,9
6002147,9
6003147,9
6004147,17
6005147,15
6006147,9
6007147,8
6008147,6
6009147,10
6010147,9
6011147,12
6012147,7
6013147,10
6014147,13
6015147,7
6016147,9
6017147,3
6018147,11
6019147,10
6020147,13
6021147,9
6022147,6
6023147,10
6024147,11
6025147,15
6026147,14
6027147,15
6028147,10
6029147,8
6030147,7
6031147,14
6032147,8
6033147,3
6034147,7
6035147,14
6036147,12
6037147,20
6038147,13
6039147,14
6040147,7
6041147,6
6042147,8
6043147,13
6044147,11
6045147,15
6046147,13
6047147,12
6048147,9
6049147,12
6050147,7
6051147,14
6052147,13
6053147,11
6054147,18
6055147,13
6056147,11
6057147,11
6058147,12
6059147,7
6060147,10
6061147,14
6062147,8
6063147,9
6064147,15
6065147,18
6066147,10
6067147,8
6068147,11
6069147,6
6070147,11
6071148,8
6072148,8
6073149,8
6074149,12
6075150,16
6076150,8
6077151,6
6078151,8
6079152,12
6080152,8
6081153,8
6082153,8
6083154,5
6084154,16
6085155,11
6086155,11
6087156,12
6088156,5
6089157,13
6090157,13
6091158,11
6092158,12
6093159,6
6094159,13
6095160,9
6096160,9
6097161,9
6098161,11
6099162,11
6100162,5
6101163,7
6102163,8
6103164,6
6104164,12
6105165,10
6106165,7
6107166,8
6108166,10
6109167,11
6110167,9
6111168,12
6112168,10
6113169,5
6114169,17
6115170,8
6116170,7
6117171,11
6118171,9
6119172,3
6120172,11
6121173,7
6122173,9
6123174,18
6124174,10
6125175,7
6126175,9
6127176,8
6128176,5
6129177,9
6130177,5
6131178,7
6132178,8
6133179,10
6134179,13
6135180,11
6136180,5
6137181,7
6138181,13
6139182,8
6140182,8
6141183,8
6142183,3
6143184,10
6144184,6
6145185,10
6146185,10
6147186,10
6148186,14
6149187,10
6150187,13
6151188,14
6152188,13
6153189,8
6154189,13
6155190,13
6156190,5
6157191,5
6158191,12
6159192,15
6160192,15
6161193,12
6162193,6
6163194,13
6164194,13
6165195,11
6166195,10
6167196,8
6168196,15
6169197,5
6170197,13
6171198,9
6172198,8
6173199,14
6174199,24
6175200,11
6176200,17
6177201,11
6178201,13
6179202,8
6180202,10
6181203,5
6182203,6
6183204,14
6184204,10
6185205,15
6186205,3
6187206,9
6188206,10
6189207,5
6190207,8
6191208,12
6192208,11
6193209,6
6194209,13
6195210,17
6196210,12
6197211,9
6198211,14
6199212,13
6200212,14
6201213,16
6202213,5
6203214,8
6204214,16
6205215,18
6206215,10
6207216,10
6208216,3
6209217,10
6210217,5
6211218,13
6212218,12
6213219,7
6214219,9
6215220,12
6216220,8
6217221,6
6218221,3
6219222,13
6220222,15
6221223,15
6222223,12
6223224,14
6224224,12
6225225,5
6226225,13
6227226,9
6228226,9
6229227,12
6230227,9
6231228,10
6232228,8
6233229,15
6234229,10
6235230,10
6236230,14
6237231,17
6238231,10
6239232,14
6240232,8
6241233,19
6242233,13
6243234,9
6244234,10
6245235,14
6246235,12
6247236,5
6248236,8
6249237,14
6250237,13
6251238,6
6252238,8
6253239,13
6254239,14
6255240,13
6256240,10
6257241,11
6258241,11
6259242,7
6260242,15
6261243,4
6262243,9
6263244,10
6264244,4
6265245,11
6266245,7
6267246,6
6268246,12
6269247,8
6270247,14
6271248,8
6272248,14
6273249,2
6274249,13
6275250,10
6276250,10
6277251,3
6278251,19
6279252,8
6280252,5
6281253,8
6282253,7
6283254,14
6284254,9
6285255,5
6286255,19
6287256,9
6288256,12
6289257,7
6290257,11
6291258,11
6292258,11
6293259,15
6294259,6
6295260,14
6296260,9
6297261,6
6298261,12
6299262,18
6300262,12
6301263,8
6302263,11
6303264,10
6304264,9
6305265,10
6306265,15
6307266,6
6308266,12
6309267,11
6310267,9
6311268,7
6312268,8
6313269,7
6314269,14
6315270,7
6316270,13
6317271,12
6318271,7
6319272,7
6320272,13
6321273,10
6322273,11
6323274,9
6324274,8
6325275,10
6326275,7
6327276,13
6328276,15
6329277,11
6330277,8
6331278,13
6332278,10
6333279,13
6334279,9
6335280,14
6336280,12
6337281,8
6338281,6
6339282,16
6340282,13
6341283,8
6342283,12
6343284,10
6344284,15
6345285,9
6346285,10
6347286,12
6348286,11
6349287,8
6350287,7
6351288,10
6352288,5
6353289,8
6354289,7
6355290,5
6356290,9
6357291,14
6358291,10
6359292,7
6360292,8
6361293,15
6362293,6
6363294,4
6364294,9
6365295,9
6366295,9
6367296,6
6368296,7
6369297,6
6370297,6
6371298,18
6372298,17
6373299,16
6374299,8
6375300,6
6376300,10
6377301,5
6378301,7
6379302,11
6380302,12
6381303,7
6382303,7
6383304,10
6384304,10
6385305,16
6386305,15
6387306,6
6388306,12
6389307,13
6390307,13
6391308,5
6392308,11
6393309,9
6394309,8
6395310,7
6396310,7
6397311,12
6398311,13
6399312,9
6400312,7
6401313,7
6402313,9
6403314,8
6404314,9
6405315,12
6406315,18
6407316,17
6408316,14
6409317,14
6410317,7
6411318,12
6412318,7
6413319,10
6414319,11
6415320,10
6416320,12
6417321,5
6418321,11
6419322,8
6420322,7
6421323,14
6422323,6
6423324,7
6424324,12
6425325,14
6426325,10
6427326,7
6428326,11
6429327,14
6430327,9
6431328,8
6432328,6
6433329,12
6434329,13
6435330,10
6436330,6
6437331,6
6438331,9
6439332,9
6440332,12
6441333,10
6442333,8
6443334,13
6444334,11
6445335,5
6446335,12
6447336,9
6448336,6
6449337,9
6450337,8
6451338,15
6452338,7
6453339,9
6454339,16
6455340,10
6456340,13
6457341,5
6458341,11
6459342,13
6460342,17
6461343,11
6462343,6
6463344,17
6464344,13
6465345,8
6466345,13
6467346,17
6468346,8
6469347,7
6470347,9
6471348,9
6472348,14
6473349,9
6474349,5
6475350,9
6476350,4
6477351,13
6478351,11
6479352,11
6480352,8
6481353,14
6482353,8
6483354,7
6484354,4
6485355,10
6486355,7
6487356,12
6488356,7
6489357,9
6490357,11
6491358,7
6492358,7
6493359,11
6494359,12
6495360,5
6496360,7
6497361,6
6498361,13
6499362,8
6500362,11
6501363,9
6502363,7
6503364,15
6504364,8
6505365,11
6506365,18
6507366,5
6508366,11
6509367,10
6510367,20
6511368,14
6512368,8
6513369,11
6514369,8
6515370,13
6516370,11
6517371,11
6518371,8
6519372,11
6520372,16
6521373,12
6522373,11
6523374,6
6524374,11
6525375,11
6526375,11
6527376,10
6528376,6
6529377,12
6530377,17
6531378,5
6532378,5
6533379,11
6534379,14
6535380,3
6536380,5
6537381,10
6538381,7
6539382,14
6540382,8
6541383,9
6542383,5
6543384,10
6544384,10
6545385,13
6546385,13
6547386,12
6548386,13
6549387,10
6550387,8
6551388,16
6552388,16
6553389,12
6554389,8
6555390,7
6556390,4
6557391,11
6558391,14
6559392,5
6560392,14
6561393,7
6562393,8
6563394,9
6564394,11
6565395,9
6566395,6
6567396,10
6568396,17
6569397,14
6570397,20
6571398,10
6572398,6
6573399,9
6574399,13
6575400,8
6576400,10
6577401,11
6578401,19
6579402,9
6580402,11
6581403,13
6582403,18
6583404,10
6584404,13
6585405,12
6586405,8
6587406,9
6588406,11
6589407,11
6590407,3
6591408,18
6592408,9
6593409,10
6594409,8
6595410,12
6596410,10
6597411,8
6598411,11
6599412,5
6600412,4
6601413,19
6602413,14
6603414,14
6604414,6
6605415,10
6606415,10
6607416,13
6608416,12
6609417,13
6610417,15
6611418,12
6612418,10
6613419,12
6614419,9
6615420,5
6616420,10
6617421,13
6618421,16
6619422,10
6620422,9
6621423,13
6622423,11
6623424,7
6624424,8
6625425,6
6626425,11
6627426,16
6628426,9
6629427,10
6630427,14
6631428,13
6632428,6
6633429,15
6634429,8
6635430,10
6636430,10
6637431,10
6638431,11
6639432,7
6640432,9
6641433,11
6642433,7
6643434,14
6644434,5
6645435,15
6646435,9
6647436,11
6648436,12
6649437,6
6650437,10
6651438,12
6652438,8
6653439,7
6654439,11
6655440,8
6656440,11
6657441,9
6658441,11
6659442,12
6660442,5
6661443,11
6662443,20
6663444,9
6664444,10
6665445,15
6666445,5
6667446,11
6668446,16
6669447,10
6670447,17
6671448,11
6672448,14
6673449,6
6674449,13
6675450,6
6676450,10
6677451,10
6678451,7
6679452,16
6680452,8
6681453,18
6682453,8
6683454,10
6684454,6
6685455,13
6686455,10
6687456,15
6688456,14
6689457,8
6690457,10
6691458,6
6692458,13
6693459,7
6694459,7
6695460,5
6696460,3
6697461,12
6698461,5
6699462,9
6700462,12
6701463,6
6702463,13
6703464,15
6704464,15
6705465,8
6706465,12
6707466,13
6708466,5
6709467,13
6710467,8
6711468,13
6712468,9
6713469,11
6714469,12
6715470,12
6716470,5
6717471,13
6718471,6
6719472,6
6720472,12
6721473,9
6722473,9
6723474,16
6724474,7
6725475,15
6726475,7
6727476,9
6728476,9
6729477,4
6730477,10
6731478,13
6732478,11
6733479,11
6734479,10
6735480,9
6736480,6
6737481,9
6738481,10
6739482,14
6740482,10
6741483,13
6742483,8
6743484,10
6744484,11
6745485,17
6746485,12
6747486,9
6748486,10
6749487,16
6750487,13
6751488,16
6752488,9
6753489,12
6754489,13
6755490,10
6756490,12
6757491,13
6758491,7
6759492,10
6760492,11
6761493,8
6762493,16
6763494,10
6764494,9
6765495,8
6766495,9
6767496,14
6768496,8
6769497,7
6770497,11
6771498,10
6772498,10
6773499,3
6774499,17
6775500,9
6776500,8
6777501,6
6778501,6
6779502,6
6780502,6
6781503,8
6782503,12
6783504,6
6784504,14
6785505,2
6786505,10
6787506,8
6788506,13
6789507,12
6790507,12
6791508,12
6792508,8
6793509,17
6794509,10
6795510,10
6796510,13
6797511,13
6798511,4
6799512,8
6800512,9
6801513,12
6802513,9
6803514,10
6804514,6
6805515,12
6806515,13
6807516,11
6808516,9
6809517,9
6810517,13
6811518,10
6812518,13
6813519,14
6814519,12
6815520,4
6816520,13
6817521,11
6818521,12
6819522,12
6820522,7
6821523,9
6822523,10
6823524,4
6824524,5
6825525,11
6826525,7
6827526,11
6828526,14
6829527,17
6830527,15
6831528,14
6832528,14
6833529,5
6834529,9
6835530,11
6836530,10
6837531,13
6838531,8
6839532,13
6840532,12
6841533,11
6842533,6
6843534,9
6844534,14
6845535,12
6846535,12
6847536,9
6848536,13
6849537,8
6850537,12
6851538,14
6852538,7
6853539,7
6854539,6
6855540,15
6856540,11
6857541,16
6858541,8
6859542,9
6860542,17
6861543,8
6862543,10
6863544,9
6864544,7
6865545,13
6866545,8
6867546,9
6868546,10
6869547,15
6870547,10
6871548,12
6872548,10
6873549,12
6874549,7
6875550,6
6876550,5
6877551,7
6878551,16
6879552,6
6880552,11
6881553,11
6882553,16
6883554,10
6884554,6
6885555,7
6886555,7
6887556,5
6888556,12
6889557,7
6890557,6
6891558,11
6892558,11
6893559,9
6894559,10
6895560,16
6896560,13
6897561,9
6898561,13
6899562,13
6900562,8
6901563,7
6902563,4
6903564,10
6904564,6
6905565,11
6906565,14
6907566,10
6908566,9
6909567,9
6910567,16
6911568,7
6912568,13
6913569,8
6914569,12
6915570,6
6916570,8
6917571,12
6918571,9
6919572,16
6920572,6
6921573,10
6922573,9
6923574,9
6924574,17
6925575,11
6926575,8
6927576,8
6928576,8
6929577,7
6930577,12
6931578,10
6932578,14
6933579,14
6934579,8
6935580,9
6936580,6
6937581,8
6938581,13
6939582,9
6940582,21
6941583,8
6942583,2
6943584,12
6944584,8
6945585,6
6946585,11
6947586,14
6948586,9
6949587,11
6950587,14
6951588,15
6952588,3
6953589,18
6954589,9
6955590,6
6956590,17
6957591,9
6958591,13
6959592,9
6960592,5
6961593,7
6962593,8
6963594,10
6964594,9
6965595,10
6966595,5
6967596,13
6968596,5
6969597,11
6970597,10
6971598,9
6972598,15
6973599,11
6974599,7
6975600,5
6976600,12
6977601,10
6978601,8
6979602,7
6980602,13
6981603,11
6982603,11
6983604,7
6984604,12
6985605,12
6986605,14
6987606,16
6988606,6
6989607,12
6990607,5
6991608,6
6992608,11
6993609,8
6994609,6
6995610,12
6996610,10
6997611,12
6998611,14
6999612,13
7000612,7
7001613,11
7002613,8
7003614,17
7004614,20
7005615,7
7006615,10
7007616,8
7008616,7
7009617,13
7010617,6
7011618,7
7012618,6
7013619,11
7014619,12
7015620,12
7016620,5
7017621,7
7018621,12
7019622,6
7020622,7
7021623,13
7022623,3
7023624,12
7024624,14
7025625,5
7026625,8
7027626,8
7028626,9
7029627,9
7030627,6
7031628,10
7032628,10
7033629,10
7034629,11
7035630,11
7036630,14
7037631,6
7038631,9
7039632,11
7040632,14
7041633,12
7042633,8
7043634,13
7044634,14
7045635,19
7046635,9
7047636,18
7048636,12
7049637,14
7050637,9
7051638,11
7052638,11
7053639,9
7054639,9
7055640,9
7056640,14
7057641,3
7058641,6
7059642,16
7060642,14
7061643,11
7062643,12
7063644,7
7064644,4
7065645,13
7066645,6
7067646,8
7068646,9
7069647,12
7070647,15
7071648,11
7072648,12
7073649,7
7074649,13
7075650,13
7076650,6
7077651,9
7078651,10
7079652,7
7080652,10
7081653,6
7082653,9
7083654,17
7084654,13
7085655,13
7086655,6
7087656,12
7088656,3
7089657,10
7090657,9
7091658,11
7092658,11
7093659,6
7094659,10
7095660,12
7096660,10
7097661,10
7098661,12
7099662,6
7100662,11
7101663,6
7102663,16
7103664,21
7104664,11
7105665,14
7106665,2
7107666,11
7108666,11
7109667,9
7110667,13
7111668,5
7112668,9
7113669,13
7114669,7
7115670,7
7116670,17
7117671,9
7118671,3
7119672,7
7120672,11
7121673,11
7122673,10
7123674,11
7124674,8
7125675,9
7126675,12
7127676,6
7128676,7
7129677,16
7130677,9
7131678,14
7132678,12
7133679,4
7134679,7
7135680,9
7136680,11
7137681,11
7138681,16
7139682,10
7140682,7
7141683,7
7142683,8
7143684,11
7144684,10
7145685,6
7146685,7
7147686,9
7148686,7
7149687,9
7150687,12
7151688,9
7152688,9
7153689,6
7154689,8
7155690,2
7156690,10
7157691,5
7158691,8
7159692,18
7160692,10
7161693,13
7162693,14
7163694,9
7164694,11
7165695,10
7166695,18
7167696,18
7168696,7
7169697,10
7170697,14
7171698,12
7172698,7
7173699,10
7174699,12
7175700,11
7176700,8
7177701,10
7178701,15
7179702,10
7180702,11
7181703,7
7182703,11
7183704,7
7184704,6
7185705,14
7186705,7
7187706,14
7188706,5
7189707,10
7190707,15
7191708,16
7192708,12
7193709,13
7194709,6
7195710,7
7196710,15
7197711,9
7198711,11
7199712,7
7200712,14
7201713,12
7202713,8
7203714,17
7204714,13
7205715,8
7206715,9
7207716,9
7208716,10
7209717,5
7210717,6
7211718,7
7212718,8
7213719,12
7214719,11
7215720,8
7216720,7
7217721,12
7218721,12
7219722,14
7220722,11
7221723,6
7222723,15
7223724,11
7224724,11
7225725,8
7226725,8
7227726,11
7228726,7
7229727,11
7230727,7
7231728,10
7232728,6
7233729,6
7234729,3
7235730,5
7236730,10
7237731,9
7238731,9
7239732,7
7240732,10
7241733,7
7242733,10
7243734,12
7244734,7
7245735,12
7246735,15
7247736,8
7248736,3
7249737,7
7250737,7
7251738,8
7252738,12
7253739,7
7254739,7
7255740,5
7256740,4
7257741,13
7258741,13
7259742,5
7260742,7
7261743,6
7262743,9
7263744,10
7264744,5
7265745,9
7266745,10
7267746,11
7268746,11
7269747,11
7270747,10
7271748,6
7272748,9
7273749,9
7274749,13
7275750,13
7276750,12
7277751,12
7278751,9
7279752,12
7280752,12
7281753,7
7282753,8
7283754,8
7284754,9
7285755,10
7286755,7
7287756,4
7288756,5
7289757,8
7290757,6
7291758,9
7292758,11
7293759,8
7294759,13
7295760,9
7296760,5
7297761,11
7298761,8
7299762,10
7300762,8
7301763,10
7302763,9
7303764,5
7304764,20
7305765,10
7306765,12
7307766,7
7308766,5
7309767,9
7310767,10
7311768,6
7312768,10
7313769,10
7314769,16
7315770,13
7316770,11
7317771,10
7318771,14
7319772,10
7320772,9
7321773,9
7322773,12
7323774,6
7324774,9
7325775,12
7326775,9
7327776,12
7328776,8
7329777,5
7330777,17
7331778,13
7332778,11
7333779,10
7334779,7
7335780,14
7336780,8
7337781,10
7338781,6
7339782,9
7340782,10
7341783,13
7342783,10
7343784,11
7344784,13
7345785,11
7346785,9
7347786,5
7348786,11
7349787,3
7350787,7
7351788,9
7352788,9
7353789,10
7354789,7
7355790,6
7356790,6
7357791,11
7358791,8
7359792,10
7360792,9
7361793,7
7362793,15
7363794,10
7364794,9
7365795,9
7366795,11
7367796,12
7368796,7
7369797,8
7370797,8
7371798,17
7372798,13
7373799,11
7374799,9
7375800,10
7376800,12
7377801,9
7378801,12
7379802,7
7380802,10
7381803,7
7382803,18
7383804,10
7384804,11
7385805,11
7386805,6
7387806,8
7388806,8
7389807,8
7390807,12
7391808,15
7392808,12
7393809,9
7394809,14
7395810,8
7396810,9
7397811,8
7398811,12
7399812,5
7400812,9
7401813,16
7402813,15
7403814,8
7404814,9
7405815,13
7406815,7
7407816,7
7408816,7
7409817,6
7410817,6
7411818,6
7412818,5
7413819,8
7414819,19
7415820,13
7416820,11
7417821,4
7418821,7
7419822,7
7420822,16
7421823,9
7422823,10
7423824,5
7424824,16
7425825,11
7426825,11
7427826,12
7428826,9
7429827,17
7430827,8
7431828,12
7432828,2
7433829,5
7434829,12
7435830,7
7436830,9
7437831,8
7438831,7
7439832,10
7440832,9
7441833,10
7442833,7
7443834,12
7444834,7
7445835,11
7446835,8
7447836,14
7448836,12
7449837,10
7450837,6
7451838,3
7452838,4
7453839,11
7454839,6
7455840,11
7456840,9
7457841,6
7458841,5
7459842,5
7460842,12
7461843,12
7462843,13
7463844,12
7464844,12
7465845,9
7466845,6
7467846,12
7468846,13
7469847,5
7470847,12
7471848,7
7472848,11
7473849,10
7474849,13
7475850,12
7476850,10
7477851,18
7478851,5
7479852,10
7480852,7
7481853,16
7482853,9
7483854,9
7484854,8
7485855,4
7486855,6
7487856,20
7488856,13
7489857,7
7490857,5
7491858,11
7492858,12
7493859,4
7494859,7
7495860,3
7496860,15
7497861,18
7498861,6
7499862,8
7500862,11
7501863,6
7502863,8
7503864,9
7504864,5
7505865,16
7506865,7
7507866,8
7508866,12
7509867,7
7510867,9
7511868,13
7512868,7
7513869,9
7514869,9
7515870,9
7516870,8
7517871,8
7518871,7
7519872,5
7520872,11
7521873,4
7522873,7
7523874,10
7524874,9
7525875,15
7526875,8
7527876,12
7528876,10
7529877,8
7530877,11
7531878,7
7532878,8
7533879,6
7534879,11
7535880,12
7536880,16
7537881,9
7538881,13
7539882,11
7540882,9
7541883,10
7542883,6
7543884,10
7544884,10
7545885,6
7546885,9
7547886,9
7548886,11
7549887,9
7550887,11
7551888,11
7552888,10
7553889,9
7554889,10
7555890,7
7556890,11
7557891,7
7558891,9
7559892,7
7560892,7
7561893,13
7562893,9
7563894,15
7564894,15
7565895,10
7566895,9
7567896,13
7568896,3
7569897,6
7570897,10
7571898,12
7572898,12
7573899,7
7574899,7
7575900,8
7576900,11
7577901,10
7578901,6
7579902,15
7580902,9
7581903,12
7582903,12
7583904,15
7584904,10
7585905,5
7586905,10
7587906,12
7588906,9
7589907,5
7590907,9
7591908,9
7592908,8
7593909,14
7594909,10
7595910,5
7596910,6
7597911,3
7598911,5
7599912,8
7600912,13
7601913,12
7602913,6
7603914,11
7604914,8
7605915,2
7606915,4
7607916,9
7608916,13
7609917,7
7610917,10
7611918,14
7612918,10
7613919,4
7614919,7
7615920,11
7616920,16
7617921,9
7618921,9
7619922,5
7620922,6
7621923,18
7622923,10
7623924,4
7624924,5
7625925,13
7626925,4
7627926,11
7628926,10
7629927,7
7630927,8
7631928,7
7632928,12
7633929,3
7634929,8
7635930,5
7636930,11
7637931,8
7638931,9
7639932,18
7640932,14
7641933,12
7642933,6
7643934,3
7644934,8
7645935,12
7646935,12
7647936,4
7648936,6
7649937,8
7650937,7
7651938,12
7652938,11
7653939,12
7654939,7
7655940,2
7656940,8
7657941,7
7658941,6
7659942,13
7660942,8
7661943,7
7662943,6
7663944,5
7664944,6
7665945,11
7666945,11
7667946,9
7668946,7
7669947,10
7670947,12
7671948,9
7672948,5
7673949,8
7674949,15
7675950,8
7676950,12
7677951,9
7678951,12
7679952,6
7680952,11
7681953,10
7682953,12
7683954,8
7684954,7
7685955,8
7686955,12
7687956,12
7688956,10
7689957,11
7690957,8
7691958,7
7692958,8
7693959,6
7694959,11
7695960,7
7696960,9
7697961,9
7698961,13
7699962,7
7700962,7
7701963,9
7702963,8
7703964,9
7704964,10
7705965,13
7706965,12
7707966,18
7708966,11
7709967,10
7710967,3
7711968,12
7712968,9
7713969,10
7714969,8
7715970,8
7716970,12
7717971,9
7718971,7
7719972,19
7720972,14
7721973,10
7722973,12
7723974,18
7724974,10
7725975,12
7726975,10
7727976,15
7728976,7
7729977,9
7730977,6
7731978,11
7732978,6
7733979,3
7734979,13
7735980,7
7736980,10
7737981,11
7738981,20
7739982,15
7740982,6
7741983,3
7742983,6
7743984,11
7744984,9
7745985,10
7746985,7
7747986,7
7748986,15
7749987,8
7750987,11
7751988,12
7752988,10
7753989,8
7754989,7
7755990,4
7756990,11
7757991,5
7758991,5
7759992,11
7760992,16
7761993,6
7762993,14
7763994,7
7764994,9
7765995,11
7766995,10
7767996,5
7768996,7
7769997,17
7770997,8
7771998,10
7772998,9
7773999,6
7774999,8
7776000,6
7777000,7
7778001,16
7779001,10
7780002,9
7781002,16
7782003,14
7783003,7
7784004,5
7785004,8
7786005,7
7787005,11
7788006,3
7789006,8
7790007,8
7791007,8
7792008,12
7793008,12
7794009,9
7795009,13
7796010,10
7797010,12
7798011,7
7799011,7
7800073,10
7801073,5
7802074,11
7803074,10
7804075,6
7805075,14
7806076,12
7807076,10
7808077,6
7809077,10
7810078,7
7811078,12
7812079,8
7813079,15
7814080,6
7815080,5
7816081,8
7817081,5
7818082,7
7819082,17
7820083,7
7821083,7
7822084,8
7823084,8
7824085,5
7825085,5
7826086,9
7827086,12
7828087,4
7829087,10
7830088,13
7831088,9
7832089,9
7833089,12
7834090,3
7835090,13
7836091,6
7837091,10
7838092,2
7839092,11
7840093,8
7841093,12
7842094,7
7843094,7
7844095,7
7845095,11
7846096,11
7847096,12
7848097,8
7849097,3
7850098,7
7851098,8
7852099,9
7853099,9
7854100,5
7855100,10
7856101,10
7857101,10
7858102,7
7859102,8
7860103,11
7861103,12
7862104,6
7863104,8
7864105,4
7865105,12
7866106,12
7867106,6
7868107,10
7869107,8
7870108,5
7871108,14
7872109,8
7873109,9
7874110,12
7875110,8
7876111,10
7877111,10
7878112,6
7879112,7
7880113,14
7881113,9
7882114,14
7883114,8
7884115,5
7885115,10
7886116,6
7887116,8
7888117,5
7889117,5
7890118,12
7891118,7
7892119,10
7893119,9
7894120,10
7895120,4
7896121,13
7897121,10
7898122,6
7899122,8
7900123,7
7901123,10
7902124,6
7903124,3
7904125,6
7905125,6
7906126,7
7907126,14
7908127,10
7909127,7
7910128,12
7911128,6
7912129,3
7913129,8
7914130,4
7915130,12
7916131,12
7917131,13
7918132,14
7919132,13
7920159,7
7921159,11
7922160,8
7923160,10
7924161,11
7925161,14
7926162,16
7927162,8
7928163,10
7929163,10
7930164,16
7931164,8
7932165,10
7933165,7
7934166,5
7935166,6
7936167,5
7937167,5
7938168,8
7939168,7
7940169,7
7941169,9
7942170,5
7943170,6
7944171,5
7945171,14
7946172,15
7947172,10
7948173,11
7949173,8
7950174,12
7951174,12
7952175,10
7953175,9
7954176,9
7955176,14
7956177,7
7957177,14
7958178,5
7959178,12
7960179,6
7961179,8
7962180,11
7963180,13
7964181,14
7965181,10
7966182,9
7967182,8
7968183,9
7969183,10
7970184,8
7971184,4
7972185,9
7973185,6
7974186,10
7975186,8
7976187,7
7977187,7
7978188,10
7979188,10
7980189,11
7981189,10
7982190,7
7983190,10
7984191,7
7985191,9
7986192,9
7987192,5
7988193,4
7989193,17
7990194,5
7991194,7
7992195,8
7993195,9
7994196,9
7995196,11
7996197,5
7997197,12
7998198,8
7999198,12
8000199,8
8001199,11
8002200,12
8003200,9
8004201,11
8005201,14
8006202,8
8007202,9
8008203,6
8009203,9
8010204,12
8011204,8
8012205,6
8013205,10
8014206,9
8015206,11
8016207,5
8017207,12
8018208,11
8019208,12
8020209,8
8021209,8
8022210,6
8023210,9
8024211,11
8025211,9
8026212,9
8027212,13
8028213,10
8029213,7
8030214,4
8031214,12
8032215,7
8033215,13
8034216,10
8035216,11
8036217,5
8037217,8
8038218,14
8039218,7
8040219,15
8041219,7
8042220,9
8043220,5
8044221,10
8045221,11
8046222,9
8047222,8
8048223,9
8049223,12
8050224,5
8051224,13
8052225,11
8053225,10
8054226,11
8055226,5
8056227,7
8057227,11
8058228,10
8059228,14
8060229,10
8061229,9
8062230,6
8063230,5
8064231,8
8065231,4
8066232,5
8067232,9
8068233,8
8069233,9
8070234,3
8071234,5
8072235,8
8073235,10
8074236,10
8075236,11
8076237,13
8077237,13
8078238,9
8079238,7
8080239,6
8081239,14
8082240,8
8083240,11
8084241,13
8085241,4
8086242,8
8087242,12
8088243,16
8089243,14
8090244,11
8091244,9
8092245,8
8093245,13
8094246,12
8095246,5
8096247,11
8097247,8
8098248,9
8099248,15
8100249,21
8101249,12
8102250,9
8103250,13
8104251,5
8105251,4
8106252,11
8107252,9
8108253,8
8109253,8
8110254,7
8111254,7
8112255,5
8113255,8
8114256,6
8115256,15
8116257,12
8117257,7
8118258,4
8119258,8
8120259,14
8121259,9
8122260,9
8123260,8
8124261,7
8125261,9
8126262,11
8127262,10
8128263,8
8129263,8
8130264,4
8131264,8
8132265,9
8133265,8
8134266,10
8135266,11
8136267,18
8137267,9
8138268,6
8139268,10
8140269,13
8141269,7
8142270,12
8143270,6
8144271,10
8145271,11
8146272,9
8147272,5
8148273,19
8149273,6
8150274,6
8151274,9
8152275,7
8153275,12
8154276,10
8155276,12
8156277,10
8157277,15
8158278,5
8159278,9
8160279,10
8161279,14
8162280,7
8163280,9
8164281,15
8165281,5
8166282,12
8167282,12
8168283,7
8169283,6
8170284,13
8171284,9
8172285,17
8173285,8
8174286,5
8175286,9
8176287,13
8177287,6
8178288,9
8179288,7
8180289,4
8181289,12
8182290,6
8183290,10
8184291,17
8185291,9
8186292,9
8187292,11
8188293,8
8189293,9
8190294,3
8191294,1
8192295,6
8193295,7
8194296,11
8195296,6
8196297,7
8197297,7
8198298,10
8199298,9
8200299,11
8201299,5
8202300,3
8203300,8
8204301,6
8205301,6
8206302,13
8207302,9
8208303,3
8209303,8
8210304,10
8211304,10
8212305,8
8213305,6
8214306,10
8215306,7
8216307,8
8217307,7
8218308,6
8219308,6
8220309,4
8221309,6
8222310,7
8223310,8
8224311,8
8225311,7
8226312,3
8227312,3
8228313,13
8229313,5
8230314,7
8231314,5
8232315,6
8233315,15
8234316,10
8235316,15
8236317,15
8237317,9
8238318,6
8239318,7
8240319,10
8241319,10
8242320,12
8243320,8
8244321,13
8245321,11
8246322,6
8247322,16
8248323,13
8249323,9
8250324,10
8251324,6
8252325,8
8253325,9
8254326,9
8255326,3
8256327,11
8257327,8
8258328,9
8259328,13
8260329,8
8261329,4
8262330,9
8263330,11
8264331,6
8265331,12
8266332,8
8267332,12
8268333,5
8269333,6
8270334,4
8271334,13
8272335,12
8273335,16
8274336,8
8275336,11
8276337,9
8277337,3
8278338,7
8279338,3
8280339,5
8281339,13
8282340,9
8283340,12
8284341,3
8285341,10
8286342,5
8287342,9
8288343,14
8289343,12
8290344,7
8291344,3
8292345,10
8293345,12
8294346,7
8295346,3
8296347,9
8297347,9
8298348,10
8299348,10
8300349,12
8301349,7
8302350,9
8303350,9
8304351,2
8305351,9
8306352,5
8307352,1
8308353,4
8309353,8
8310354,9
8311354,8
8312355,10
8313355,11
8314356,6
8315356,11
8316357,10
8317357,4
8318358,11
8319358,8
8320359,7
8321359,10
8322360,1
8323360,9
8324361,15
8325361,10
8326362,9
8327362,8
8328363,10
8329363,2
8330364,10
8331364,8
8332365,7
8333365,6
8334366,8
8335366,2
8336367,8
8337367,8
8338368,9
8339368,9
8340369,6
8341369,18
8342370,5
8343370,7
8344371,10
8345371,12
8346372,7
8347372,5
8348373,9
8349373,9
8350374,11
8351374,12
8352375,5
8353375,7
8354376,11
8355376,11
8356377,11
8357377,6
8358378,6
8359378,9
8360379,2
8361379,3
8362380,11
8363380,9
8364381,6
8365381,6
8366382,7
8367382,6
8368383,9
8369383,9
8370384,8
8371384,9
8372385,9
8373385,11
8374386,15
8375386,15
8376387,10
8377387,9
8378388,6
8379388,9
8380389,6
8381389,5
8382390,5
8383390,11
8384391,8
8385391,5
8386392,5
8387392,3
8388393,15
8389393,11
8390394,5
8391394,12
8392395,12
8393395,8
8394396,9
8395396,5
8396397,13
8397397,12
8398398,6
8399398,4
8400399,15
8401399,7
8402400,4
8403400,12
8404401,8
8405401,12
8406402,13
8407402,6
8408403,5
8409403,7
8410404,4
8411404,12
8412405,8
8413405,8
8414406,5
8415406,10
8416407,10
8417407,5
8418408,10
8419408,6
8420409,10
8421409,10
8422410,8
8423410,5
8424411,16
8425411,9
8426412,5
8427412,8
8428413,9
8429413,7
8430414,6
8431414,2
8432415,10
8433415,4
8434416,3
8435416,10
8436417,11
8437417,10
8438418,9
8439418,8
8440419,5
8441419,11
8442420,8
8443420,11
8444421,5
8445421,6
8446422,10
8447422,9
8448423,4
8449423,5
8450424,8
8451424,6
8452425,3
8453425,6
8454426,5
8455426,8
8456427,7
8457427,9
8458428,6
8459428,6
8460429,8
8461429,8
8462430,10
8463430,6
8464431,6
8465431,5
8466432,5
8467432,15
8468433,12
8469433,15
8470434,6
8471434,8
8472435,8
8473435,8
8474436,6
8475436,7
8476437,11
8477437,14
8478438,5
8479438,16
8480439,11
8481439,5
8482440,5
8483440,5
8484441,6
8485441,9
8486442,10
8487442,7
8488443,5
8489443,7
8490444,6
8491444,12
8492445,9
8493445,8
8494446,6
8495446,8
8496447,10
8497447,6
8498448,9
8499448,3
8500449,7
8501449,14
8502450,10
8503450,8
8504451,11
8505451,9
8506452,13
8507452,10
8508453,16
8509453,11
8510454,6
8511454,10
8512455,10
8513455,11
8514456,12
8515456,5
8516457,11
8517457,9
8518458,6
8519458,7
8520459,1
8521459,5
8522460,9
8523460,6
8524461,9
8525461,5
8526462,10
8527462,7
8528463,5
8529463,3
8530464,6
8531464,8
8532465,4
8533465,5
8534466,3
8535466,9
8536467,10
8537467,6
8538468,5
8539468,4
8540469,11
8541469,7
8542470,7
8543470,6
8544471,5
8545471,7
8546472,6
8547472,9
8548473,9
8549473,13
8550474,12
8551474,7
8552475,2
8553475,7
8554476,4
8555476,8
8556477,12
8557477,6
8558478,10
8559478,3
8560479,5
8561479,5
8562480,14
8563480,7
8564481,8
8565481,6
8566482,6
8567482,9
8568483,10
8569483,6
8570484,9
8571484,9
8572485,14
8573485,4
8574486,14
8575486,8
8576487,7
8577487,7
8578488,6
8579488,9
8580489,7
8581489,16
8582490,7
8583490,9
8584491,10
8585491,4
8586492,2
8587492,8
8588493,5
8589493,8
8590494,11
8591494,5
8592495,10
8593495,6
8594496,7
8595496,9
8596497,9
8597497,7
8598498,3
8599498,13
8600499,11
8601499,14
8602500,9
8603500,12
8604501,10
8605501,8
8606502,9
8607502,9
8608503,6
8609503,5
8610504,7
8611504,12
8612505,12
8613505,6
8614506,6
8615506,10
8616507,8
8617507,5
8618508,7
8619508,7
8620509,9
8621509,12
8622510,2
8623510,7
8624511,9
8625511,5
8626512,9
8627512,5
8628513,5
8629513,8
8630514,9
8631514,9
8632515,9
8633515,6
8634516,9
8635516,9
8636517,6
8637517,7
8638518,8
8639518,4
8640519,5
8641519,8
8642520,6
8643520,10
8644521,9
8645521,8
8646522,9
8647522,11
8648523,11
8649523,9
8650524,4
8651524,7
8652525,6
8653525,10
8654526,12
8655526,10
8656527,10
8657527,11
8658528,5
8659528,11
8660529,7
8661529,9
8662530,12
8663530,12
8664531,3
8665531,10
8666532,9
8667532,5
8668533,7
8669533,9
8670534,8
8671534,9
8672535,12
8673535,10
8674536,7
8675536,5
8676537,5
8677537,14
8678538,8
8679538,6
8680539,7
8681539,7
8682540,11
8683540,11
8684541,7
8685541,8
8686542,13
8687542,5
8688543,2
8689543,7
8690544,14
8691544,8
8692545,9
8693545,8
8694546,3
8695546,9
8696547,11
8697547,4
8698548,7
8699548,7
8700549,11
8701549,8
8702550,9
8703550,7
8704551,2
8705551,6
8706552,8
8707552,8
8708553,6
8709553,7
8710554,12
8711554,6
8712555,12
8713555,5
8714556,4
8715556,4
8716557,8
8717557,9
8718558,9
8719558,5
8720559,8
8721559,5
8722560,10
8723560,7
8724561,8
8725561,5
8726562,5
8727562,8
8728563,2
8729563,15
8730564,9
8731564,9
8732565,7
8733565,8
8734566,5
8735566,8
8736567,5
8737567,10
8738568,11
8739568,7
8740569,5
8741569,2
8742570,7
8743570,4
8744571,17
8745571,7
8746572,10
8747572,12
8748573,7
8749573,9
8750574,5
8751574,5
8752575,2
8753575,9
8754576,9
8755576,7
8756577,11
8757577,1
8758578,11
8759578,11
8760579,8
8761579,6
8762580,4
8763580,14
8764581,10
8765581,5
8766582,5
8767582,6
8768583,7
8769583,13
8770584,7
8771584,6
8772585,6
8773585,5
8774586,6
8775586,10
8776587,13
8777587,3
8778588,11
8779588,13
8780589,5
8781589,12
8782590,7
8783590,3
8784591,9
8785591,7
8786592,10
8787592,9
8788593,11
8789593,9
8790594,12
8791594,10
8792595,10
8793595,8
8794596,9
8795596,10
8796597,11
8797597,7
8798598,8
8799598,4
8800599,6
8801599,4
8802600,6
8803600,6
8804601,3
8805601,3
8806602,9
8807602,9
8808603,3
8809603,7
8810604,6
8811604,15
8812605,7
8813605,12
8814606,8
8815606,6
8816607,6
8817607,6
8818608,7
8819608,12
8820609,6
8821609,8
8822610,9
8823610,7
8824611,12
8825611,9
8826612,6
8827612,10
8828613,10
8829613,8
8830614,4
8831614,4
8832615,7
8833615,10
8834616,6
8835616,7
8836617,5
8837617,5
8838618,8
8839618,6
8840619,9
8841619,5
8842620,5
8843620,6
8844621,8
8845621,4
8846622,9
8847622,7
8848623,11
8849623,6
8850624,8
8851624,4
8852625,10
8853625,9
8854626,14
8855626,9
8856627,10
8857627,10
8858628,5
8859628,8
8860629,12
8861629,8
8862630,9
8863630,10
8864631,8
8865631,6
8866632,8
8867632,17
8868633,6
8869633,3
8870634,6
8871634,11
8872635,7
8873635,7
8874636,6
8875636,5
8876637,9
8877637,13
8878638,9
8879638,10
8880639,3
8881639,1
8882640,9
8883640,4
8884641,8
8885641,5
8886642,9
8887642,12
8888643,8
8889643,14
8890644,5
8891644,8
8892645,5
8893645,10
8894646,7
8895646,3
8896647,5
8897647,11
8898648,9
8899648,8
8900649,12
8901649,5
8902650,6
8903650,5
8904651,6
8905651,8
8906652,13
8907652,5
8908653,10
8909653,5
8910654,3
8911654,9
8912655,9
8913655,8
8914656,10
8915656,17
8916657,7
8917657,7
8918658,10
8919658,3
8920659,4
8921659,6
8922660,5
8923660,3
8924661,12
8925661,8
8926662,7
8927662,6
8928663,7
8929663,5
8930664,6
8931664,8
8932665,11
8933665,6
8934666,11
8935666,8
8936667,9
8937667,11
8938668,5
8939668,11
8940669,6
8941669,6
8942670,9
8943670,11
8944671,5
8945671,8
8946672,6
8947672,4
8948673,10
8949673,15
8950674,5
8951674,6
8952675,7
8953675,6
8954676,8
8955676,8
8956677,12
8957677,4
8958678,3
8959678,9
8960679,6
8961679,6
8962680,11
8963680,11
8964681,8
8965681,4
8966682,5
8967682,6
8968683,3
8969683,5
8970684,9
8971684,6
8972685,9
8973685,5
8974686,8
8975686,6
8976687,3
8977687,9
8978688,4
8979688,5
8980689,4
8981689,3
8982690,8
8983690,6
8984691,6
8985691,7
8986692,5
8987692,9
8988693,5
8989693,7
8990694,4
8991694,4
8992695,8
8993695,10
8994696,4
8995696,2
8996697,12
8997697,6
8998698,8
8999698,6
9000699,6
9001699,4
9002700,6
9003700,9
9004701,11
9005701,11
9006702,5
9007702,6
9008703,3
9009703,4
9010704,8
9011704,7
9012705,3
9013705,11
9014706,7
9015706,6
9016707,11
9017707,7
9018708,11
9019708,10
9020709,7
9021709,12
9022710,12
9023710,4
9024711,8
9025711,10
9026712,4
9027712,10
9028713,6
9029713,8
9030714,3
9031714,11
9032715,13
9033715,10
9034716,7
9035716,9
9036717,9
9037717,11
9038718,6
9039718,8
9040719,11
9041719,9
9042720,4
9043720,6
9044721,12
9045721,8
9046722,10
9047722,10
9048723,8
9049723,5
9050724,8
9051724,12
9052725,8
9053725,12
9054726,5
9055726,13
9056727,7
9057727,4
9058728,10
9059728,10
9060729,6
9061729,9
9062730,11
9063730,11
9064731,11
9065731,11
9066732,11
9067732,10
9068733,4
9069733,4
9070734,4
9071734,9
9072735,12
9073735,9
9074736,11
9075736,15
9076737,7
9077737,17
9078738,7
9079738,10
9080739,7
9081739,8
9082740,7
9083740,7
9084741,9
9085741,4
9086742,4
9087742,9
9088743,13
9089743,5
9090744,16
9091744,14
9092745,10
9093745,5
9094746,8
9095746,6
9096747,10
9097747,8
9098748,8
9099748,7
9100749,12
9101749,13
9102750,5
9103750,6
9104751,7
9105751,6
9106752,8
9107752,2
9108753,9
9109753,8
9110754,4
9111754,5
9112755,3
9113755,11
9114756,8
9115756,8
9116757,11
9117757,4
9118758,3
9119758,5
9120759,7
9121759,6
9122760,9
9123760,7
9124761,9
9125761,11
9126762,7
9127762,5
9128763,9
9129763,8
9130764,11
9131764,5
9132765,6
9133765,6
9134766,8
9135766,9
9136767,7
9137767,9
9138768,9
9139768,5
9140769,9
9141769,9
9142770,13
9143770,8
9144771,12
9145771,9
9146772,4
9147772,9
9148773,6
9149773,7
9150774,14
9151774,10
9152775,10
9153775,9
9154776,12
9155776,12
9156777,5
9157777,9
9158778,17
9159778,7
9160779,9
9161779,10
9162780,2
9163780,8
9164781,7
9165781,9
9166782,5
9167782,8
9168783,12
9169783,12
9170784,5
9171784,3
9172785,6
9173785,9
9174786,9
9175786,7
9176787,16
9177787,9
9178788,11
9179788,9
9180789,7
9181789,9
9182790,8
9183790,10
9184791,13
9185791,13
9186792,9
9187792,9
9188793,12
9189793,8
9190794,17
9191794,13
9192795,14
9193795,13
9194796,5
9195796,10
9196797,7
9197797,13
9198798,8
9199798,3
9200799,8
9201799,9
9202800,9
9203800,8
9204801,14
9205801,3
9206802,10
9207802,7
9208803,5
9209803,12
9210804,6
9211804,8
9212805,7
9213805,5
9214806,6
9215806,13
9216807,6
9217807,8
9218808,4
9219808,11
9220809,4
9221809,7
9222810,6
9223810,8
9224811,8
9225811,7
9226812,9
9227812,8
9228813,7
9229813,10
9230814,7
9231814,11
9232815,9
9233815,7
9234816,7
9235816,11
9236817,8
9237817,10
9238818,9
9239818,13
9240819,6
9241819,9
9242820,12
9243820,9
9244821,8
9245821,3
9246822,9
9247822,7
9248823,8
9249823,9
9250824,4
9251824,7
9252825,6
9253825,7
9254826,5
9255826,10
9256827,6
9257827,5
9258828,7
9259828,6
9260829,14
9261829,8
9262830,2
9263830,6
9264831,8
9265831,14
9266832,9
9267832,7
9268833,9
9269833,11
9270834,11
9271834,6
9272835,9
9273835,12
9274836,15
9275836,13
9276837,11
9277837,12
9278838,13
9279838,7
9280839,6
9281839,12
9282840,10
9283840,14
9284841,11
9285841,7
9286842,5
9287842,10
9288843,12
9289843,5
9290844,11
9291844,13
9292845,10
9293845,12
9294846,5
9295846,5
9296847,9
9297847,9
9298848,11
9299848,7
9300849,15
9301849,7
9302850,10
9303850,11
9304851,10
9305851,12
9306852,11
9307852,9
9308853,11
9309853,14
9310854,7
9311854,13
9312855,11
9313855,15
9314856,17
9315856,11
9316857,8
9317857,9
9318858,11
9319858,6
9320859,8
9321859,13
9322860,10
9323860,14
9324861,18
9325861,11
9326862,17
9327862,7
9328863,8
9329863,12
9330864,11
9331864,6
9332865,11
9333865,9
9334866,13
9335866,7
9336867,7
9337867,8
9338868,8
9339868,10
9340869,11
9341869,8
9342870,5
9343870,12
9344871,16
9345871,10
9346872,13
9347872,9
9348873,13
9349873,12
9350874,8
9351874,14
9352875,8
9353875,9
9354876,4
9355876,7
9356877,8
9357877,13
9358878,17
9359878,9
9360879,11
9361879,16
9362880,10
9363880,10
9364881,6
9365881,5
9366882,9
9367882,7
9368883,17
9369883,5
9370884,10
9371884,11
9372885,10
9373885,8
9374886,8
9375886,8
9376887,6
9377887,11
9378888,4
9379888,13
9380889,15
9381889,9
9382890,8
9383890,12
9384891,7
9385891,7
9386892,9
9387892,10
9388893,10
9389893,9
9390894,10
9391894,13
9392895,12
9393895,6
9394896,13
9395896,12
9396897,8
9397897,5
9398898,5
9399898,6
9400899,3
9401899,15
9402900,7
9403900,9
9404901,12
9405901,13
9406902,10
9407902,14
9408903,10
9409903,15
9410904,9
9411904,8
9412905,6
9413905,16
9414906,8
9415906,11
9416907,12
9417907,13
9418908,6
9419908,9
9420909,14
9421909,13
9422910,11
9423910,12
9424911,10
9425911,9
9426912,9
9427912,16
9428913,10
9429913,13
9430914,13
9431914,15
9432915,7
9433915,6
9434916,14
9435916,12
9436917,15
9437917,11
9438918,6
9439918,11
9440919,12
9441919,17
9442920,13
9443920,8
9444921,12
9445921,11
9446922,8
9447922,11
9448923,6
9449923,23
9450924,7
9451924,13
9452925,14
9453925,12
9454926,12
9455926,7
9456927,16
9457927,11
9458928,14
9459928,8
9460929,9
9461929,5
9462930,13
9463930,13
9464931,12
9465931,13
9466932,13
9467932,9
9468933,9
9469933,7
9470934,15
9471934,12
9472935,10
9473935,12
9474936,8
9475936,12
9476937,5
9477937,14
9478938,13
9479938,9
9480939,4
9481939,9
9482940,15
9483940,6
9484941,9
9485941,7
9486942,9
9487942,14
9488943,12
9489943,10
9490944,11
9491944,8
9492945,10
9493945,19
9494946,13
9495946,6
9496947,10
9497947,11
9498948,11
9499948,13
9500949,12
9501949,7
9502950,6
9503950,8
9504951,8
9505951,9
9506952,11
9507952,7
9508953,8
9509953,10
9510954,15
9511954,10
9512955,13
9513955,13
9514956,10
9515956,8
9516957,10
9517957,10
9518958,10
9519958,8
9520959,7
9521959,10
9522960,14
9523960,13
9524961,9
9525961,13
9526962,9
9527962,8
9528963,10
9529963,10
9530964,11
9531964,10
9532965,5
9533965,8
9534966,9
9535966,10
9536967,8
9537967,5
9538968,9
9539968,9
9540969,11
9541969,10
9542970,17
9543970,6
9544971,12
9545971,13
9546972,19
9547972,4
9548973,15
9549973,6
9550974,9
9551974,13
9552975,7
9553975,11
9554976,15
9555976,9
9556977,6
9557977,11
9558978,3
9559978,4
9560979,15
9561979,6
9562980,5
9563980,16
9564981,8
9565981,4
9566982,10
9567982,3
9568983,14
9569983,8
9570984,11
9571984,6
9572985,12
9573985,5
9574986,5
9575986,14
9576987,11
9577987,8
9578988,11
9579988,8
9580989,17
9581989,11
9582990,9
9583990,18
9584991,8
9585991,10
9586992,9
9587992,4
9588993,7
9589993,12
9590994,13
9591994,8
9592995,14
9593995,10
9594996,10
9595996,10
9596997,8
9597997,8
9598998,14
9599998,10
9600999,11
9601999,12
9603000,14
9604000,8
9605001,15
9606001,9
9607002,11
9608002,7
9609003,5
9610003,16
9611004,12
9612004,12
9613005,9
9614005,8
9615006,12
9616006,8
9617007,8
9618007,6
9619008,10
9620008,12
9621009,8
9622009,8
9623010,10
9624010,10
9625011,7
9626011,14
9627012,15
9628012,8
9629013,13
9630078,13
9631078,9
9632078,10
9633078,8
9634078,8
9635078,11
9636078,12
9637078,6
9638078,6
9639078,8
9640078,12
9641078,11
9642078,16
9643078,5
9644078,16
9645078,4
9646078,10
9647078,10
9648078,9
9649078,13
9650078,17
9651078,6
9652078,7
9653078,12
9654078,10
9655078,11
9656078,11
9657078,11
9658078,6
9659078,5
9660084,13
9661084,5
9662084,10
9663084,11
9664084,17
9665084,10
9666084,7
9667084,17
9668084,7
9669084,7
9670084,6
9671084,3
9672084,8
9673084,9
9674084,9
9675084,7
9676084,11
9677084,14
9678084,9
9679084,12
9680084,11
9681084,10
9682084,6
9683084,10
9684084,9
9685084,11
9686084,8
9687084,10
9688084,11
9689084,6
9690084,11
9691084,14
9692084,11
9693084,9
9694084,15
9695084,13
9696084,11
9697084,12
9698084,14
9699084,12
9700084,7
9701084,11
9702084,17
9703084,13
9704084,9
9705084,7
9706084,9
9707084,9
9708084,12
9709084,8
9710084,4
9711084,9
9712084,3
9713084,12
9714084,6
9715084,8
9716084,8
9717084,9
9718084,14
9719084,12
9720133,9
9721133,18
9722133,16
9723133,10
9724133,7
9725133,8
9726133,8
9727133,12
9728133,8
9729133,12
9730133,13
9731133,15
9732133,16
9733133,12
9734133,12
9735133,10
9736133,13
9737133,8
9738133,12
9739133,6
9740133,12
9741133,9
9742133,8
9743133,10
9744133,5
9745133,11
9746133,10
9747133,11
9748133,15
9749133,11
9750133,10
9751133,12
9752133,4
9753133,7
9754133,16
9755133,14
9756133,9
9757133,8
9758133,10
9759133,5
9760133,8
9761133,9
9762133,14
9763133,7
9764133,14
9765133,11
9766133,8
9767133,8
9768133,22
9769133,7
9770133,9
9771133,14
9772133,9
9773133,10
9774133,4
9775133,5
9776133,4
9777133,6
9778133,9
9779133,10
9780133,4
9781133,9
9782133,8
9783133,10
9784133,14
9785133,21
9786133,14
9787133,6
9788133,10
9789133,9
9790133,12
9791133,13
9792133,16
9793133,12
9794133,8
9795133,5
9796133,8
9797133,11
9798133,8
9799133,9
9800133,12
9801133,16
9802133,10
9803133,8
9804133,9
9805133,8
9806133,10
9807133,9
9808133,12
9809133,7
9810133,5
9811133,7
9812133,7
9813133,7
9814133,13
9815133,12
9816133,12
9817133,7
9818133,15
9819133,2
9820133,8
9821133,11
9822133,8
9823133,15
9824133,12
9825133,8
9826133,13
9827133,10
9828133,7
9829133,9
9830133,8
9831133,23
9832133,8
9833133,12
9834133,8
9835133,7
9836133,10
9837133,13
9838133,8
9839133,6
9840154,5
9841154,11
9842154,17
9843154,16
9844154,11
9845154,13
9846154,8
9847154,10
9848154,12
9849154,5
9850154,12
9851154,9
9852154,6
9853154,12
9854154,10
9855154,8
9856154,11
9857154,9
9858154,6
9859154,13
9860154,9
9861154,7
9862154,13
9863154,11
9864154,5
9865154,23
9866154,12
9867154,12
9868154,5
9869154,8
9870154,6
9871154,12
9872154,7
9873154,15
9874154,6
9875154,9
9876154,11
9877154,8
9878154,9
9879154,8
9880154,3
9881154,4
9882154,9
9883154,13
9884154,3
9885154,11
9886154,5
9887154,10
9888154,14
9889154,11
9890154,11
9891154,6
9892154,11
9893154,11
9894154,14
9895154,7
9896154,12
9897154,15
9898154,5
9899154,3
9900154,13
9901154,11
9902154,4
9903154,4
9904154,5
9905154,8
9906154,5
9907154,8
9908154,5
9909154,11
9910154,13
9911154,6
9912154,8
9913155,5
9914155,8
9915156,6
9916156,7
9917157,6
9918157,11
9919158,6
9920158,6
9921159,7
9922159,7
9923160,5
9924160,6
9925161,10
9926161,10
9927162,11
9928162,7
9929163,8
9930163,10
9931164,9
9932164,8
9933165,10
9934165,11
9935166,12
9936166,12
9937167,4
9938167,9
9939168,15
9940168,10
9941169,4
9942169,12
9943170,11
9944170,8
9945171,12
9946171,7
9947172,6
9948172,9
9949173,7
9950173,10
9951174,10
9952174,8
9953175,5
9954175,11
9955176,12
9956176,10
9957177,9
9958177,7
9959178,12
9960178,7
9961179,5
9962179,9
9963180,8
9964180,11
9965181,6
9966181,6
9967182,9
9968182,10
9969183,10
9970183,8
9971184,5
9972184,7
9973185,9
9974185,11
9975186,9
9976186,7
9977187,10
9978187,7
9979188,13
9980188,11
9981189,10
9982189,7
9983190,5
9984190,5
9985191,9
9986191,7
9987192,10
9988192,11
9989193,12
9990193,7
9991194,5
9992194,6
9993195,5
9994195,6
9995196,5
9996196,11
9997197,7
9998197,9
9999198,12
10000198,11
10001199,6
10002199,12
10003200,8
10004200,11
10005201,17
10006201,12
10007202,9
10008202,6
10009203,9
10010203,8
10011204,11
10012204,15
10013205,7
10014205,11
10015206,8
10016206,11
10017207,8
10018207,13
10019208,12
10020208,1
10021209,10
10022209,8
10023210,11
10024210,11
10025211,7
10026211,6
10027212,8
10028212,9
10029213,5
10030213,5
10031214,8
10032214,7
10033215,14
10034215,7
10035216,2
10036216,6
10037217,4
10038217,5
10039218,4
10040218,5
10041219,9
10042219,2
10043220,8
10044220,6
10045221,4
10046221,11
10047222,9
10048222,11
10049223,7
10050223,11
10051224,17
10052224,6
10053225,4
10054225,17
10055226,8
10056226,17
10057227,4
10058227,12
10059228,10
10060228,13
10061229,8
10062229,6
10063230,8
10064230,5
10065231,8
10066231,7
10067232,7
10068232,6
10069233,6
10070233,4
10071234,8
10072234,10
10073235,3
10074235,7
10075236,9
10076236,7
10077237,7
10078237,14
10079238,10
10080238,5
10081239,8
10082239,9
10083240,6
10084240,9
10085241,4
10086241,12
10087242,10
10088242,6
10089243,9
10090243,3
10091244,5
10092244,8
10093245,4
10094245,11
10095246,7
10096246,13
10097247,2
10098247,4
10099248,9
10100248,9
10101249,11
10102249,5
10103250,10
10104250,10
10105251,5
10106251,10
10107252,6
10108252,10
10109253,6
10110253,9
10111254,4
10112254,4
10113255,13
10114255,3
10115256,5
10116256,12
10117257,6
10118257,5
10119258,6
10120258,9
10121259,2
10122259,4
10123260,9
10124260,4
10125261,5
10126261,5
10127262,6
10128262,17
10129263,11
10130263,5
10131264,5
10132264,8
10133265,12
10134265,3
10135266,9
10136266,7
10137267,8
10138267,10
10139268,7
10140268,6
10141269,8
10142269,8
10143270,7
10144270,6
10145271,8
10146271,10
10147272,8
10148272,5
10149273,5
10150273,3
10151274,4
10152274,2
10153275,7
10154275,1
10155276,4
10156276,11
10157277,6
10158277,2
10159278,3
10160278,1
10161279,3
10162279,13
10163280,4
10164280,9
10165281,4
10166281,8
10167282,5
10168282,7
10169283,12
10170283,2
10171284,5
10172284,8
10173285,4
10174285,4
10175286,2
10176286,6
10177287,12
10178287,6
10179288,4
10180288,3
10181289,4
10182289,10
10183290,3
10184290,6
10185291,3
10186291,5
10187292,4
10188292,4
10189293,1
10190293,11
10191294,9
10192294,7
10193295,9
10194295,9
10195296,6
10196296,8
10197297,12
10198297,5
10199298,4
10200298,5
10201299,9
10202299,6
10203300,6
10204300,8
10205301,5
10206301,5
10207302,5
10208302,11
10209303,7
10210303,8
10211304,7
10212304,6
10213305,3
10214305,7
10215306,5
10216306,7
10217307,7
10218307,2
10219308,7
10220308,7
10221309,12
10222309,1
10223310,8
10224310,8
10225311,4
10226311,8
10227312,13
10228312,4
10229313,7
10230313,8
10231314,5
10232314,8
10233315,7
10234315,7
10235316,6
10236316,13
10237317,6
10238317,10
10239318,3
10240318,6
10241319,5
10242319,1
10243320,6
10244320,7
10245321,4
10246321,7
10247322,6
10248322,4
10249323,10
10250323,4
10251324,3
10252324,4
10253325,6
10254325,3
10255326,4
10256326,5
10257327,3
10258327,8
10259328,2
10260328,5
10261329,9
10262329,10
10263330,4
10264330,8
10265331,7
10266331,3
10267332,7
10268332,8
10269333,4
10270333,8
10271334,11
10272334,3
10273335,5
10274335,2
10275336,6
10276336,6
10277337,6
10278337,2
10279338,7
10280338,6
10281339,6
10282339,6
10283340,8
10284340,10
10285341,9
10286341,2
10287342,4
10288342,5
10289343,3
10290343,5
10291344,4
10292344,3
10293345,1
10294345,10
10295346,12
10296346,11
10297347,4
10298347,4
10299348,8
10300348,7
10301349,4
10302349,7
10303350,5
10304350,7
10305351,3
10306351,5
10307352,10
10308352,2
10309353,2
10310353,3
10311354,5
10312354,3
10313355,4
10314355,7
10315356,8
10316356,7
10317357,6
10318357,9
10319358,5
10320358,6
10321359,4
10322359,7
10323360,8
10324360,4
10325361,3
10326361,8
10327362,5
10328362,5
10329363,7
10330363,4
10331364,11
10332364,5
10333365,7
10334365,6
10335366,5
10336366,7
10337367,3
10338367,8
10339368,1
10340368,4
10341369,9
10342369,6
10343370,8
10344370,3
10345371,8
10346371,7
10347372,4
10348372,4
10349373,5
10350373,3
10351374,1
10352374,4
10353375,8
10354375,5
10355376,8
10356376,8
10357377,7
10358377,7
10359378,1
10360378,5
10361379,4
10362379,5
10363380,8
10364380,7
10365381,5
10366381,5
10367382,9
10368382,6
10369383,12
10370383,3
10371384,2
10372384,4
10373385,2
10374385,4
10375386,2
10376386,4
10377387,8
10378387,2
10379388,4
10380388,7
10381389,4
10382389,3
10383390,5
10384390,3
10385391,3
10386391,3
10387392,3
10388392,9
10389393,7
10390393,6
10391394,3
10392394,6
10393395,2
10394395,6
10395396,3
10396396,5
10397397,9
10398397,3
10399398,7
10400398,4
10401399,3
10402399,6
10403400,5
10404400,2
10405401,5
10406401,1
10407402,2
10408402,4
10409403,2
10410403,4
10411404,7
10412404,2
10413405,5
10414405,6
10415406,5
10416406,4
10417407,3
10418407,6
10419408,7
10420408,2
10421409,4
10422409,1
10423410,4
10424410,2
10425411,4
10426411,2
10427412,1
10428412,4
10429413,4
10430413,1
10431414,2
10432414,6
10433415,3
10434415,4
10435416,4
10436416,2
10437417,3
10438417,3
10439418,4
10440418,6
10441419,8
10442419,5
10443420,4
10444420,3
10445421,1
10446421,3
10447422,7
10448422,5
10449423,1
10450423,1
10451424,5
10452424,5
10453425,2
10454425,2
10455426,4
10456426,6
10457427,3
10458427,4
10459428,2
10460428,5
10461429,6
10462429,3
10463430,3
10464430,3
10465431,8
10466431,4
10467432,8
10468432,2
10469433,2
10470433,7
10471434,3
10472434,3
10473435,6
10474435,4
10475436,6
10476436,6
10477437,3
10478437,3
10479438,3
10480438,4
10481439,5
10482439,3
10483440,2
10484440,4
10485441,1
10486441,3
10487442,0
10488442,4
10489443,2
10490443,2
10491444,6
10492444,4
10493445,4
10494445,3
10495446,7
10496446,5
10497447,5
10498447,2
10499448,0
10500448,3
10501449,0
10502449,5
10503450,2
10504450,4
10505451,3
10506451,2
10507452,3
10508452,1
10509453,3
10510453,1
10511454,3
10512454,4
10513455,1
10514455,6
10515456,2
10516456,3
10517457,2
10518457,6
10519458,4
10520458,3
10521459,1
10522459,0
10523460,5
10524460,3
10525461,6
10526461,2
10527462,2
10528462,1
10529463,1
10530463,7
10531464,1
10532464,4
10533465,1
10534465,2
10535466,6
10536466,2
10537467,2
10538467,3
10539468,1
10540468,3
10541469,4
10542469,4
10543470,3
10544470,1
10545471,1
10546471,1
10547472,4
10548472,6
10549473,3
10550473,1
10551474,2
10552474,8
10553475,4
10554475,0
10555476,4
10556476,3
10557477,3
10558477,6
10559478,4
10560478,0
10561479,3
10562479,1
10563480,2
10564480,4
10565481,1
10566481,2
10567482,0
10568482,9
10569483,5
10570483,4
10571484,3
10572484,4
10573485,0
10574485,5
10575486,2
10576486,5
10577487,1
10578487,1
10579488,3
10580488,4
10581489,1
10582489,0
10583490,5
10584490,1
10585491,1
10586491,2
10587492,3
10588492,2
10589493,1
10590493,2
10591494,2
10592494,1
10593495,5
10594495,1
10595496,6
10596496,3
10597497,3
10598497,3
10599498,0
10600498,7
10601499,4
10602499,4
10603500,8
10604500,2
10605501,2
10606501,5
10607502,5
10608502,2
10609503,0
10610503,5
10611504,2
10612504,2
10613505,3
10614505,3
10615506,3
10616506,2
10617507,3
10618507,3
10619508,3
10620508,3
10621509,3
10622509,4
10623510,5
10624510,2
10625511,3
10626511,2
10627512,4
10628512,5
10629513,2
10630513,0
10631514,1
10632514,2
10633515,2
10634515,3
10635516,4
10636516,2
10637517,0
10638517,2
10639518,2
10640518,3
10641519,2
10642519,1
10643520,4
10644520,3
10645521,1
10646521,6
10647522,1
10648522,2
10649523,1
10650523,3
10651524,1
10652524,6
10653525,1
10654525,3
10655526,5
10656526,6
10657527,4
10658527,3
10659528,2
10660528,2
10661529,1
10662529,3
10663530,3
10664530,3
10665531,1
10666531,0
10667532,1
10668532,2
10669533,2
10670533,2
10671534,2
10672534,2
10673535,1
10674535,2
10675536,0
10676536,2
10677537,2
10678537,3
10679538,1
10680538,3
10681539,2
10682539,2
10683540,2
10684540,3
10685541,3
10686541,3
10687542,2
10688542,0
10689543,2
10690543,3
10691544,5
10692544,2
10693545,0
10694545,2
10695546,4
10696546,5
10697547,4
10698547,1
10699548,4
10700548,1
10701549,0
10702549,3
10703550,2
10704550,3
10705551,1
10706551,8
10707552,3
10708552,0
10709553,3
10710553,2
10711554,4
10712554,5
10713555,4
10714555,0
10715556,1
10716556,1
10717557,1
10718557,1
10719558,3
10720558,2
10721559,1
10722559,0
10723560,3
10724560,2
10725561,2
10726561,4
10727562,6
10728562,5
10729563,3
10730563,1
10731564,6
10732564,3
10733565,2
10734565,0
10735566,1
10736566,4
10737567,2
10738567,2
10739568,2
10740568,3
10741569,3
10742569,1
10743570,2
10744570,2
10745571,3
10746571,3
10747572,0
10748572,1
10749573,3
10750573,1
10751574,1
10752574,1
10753575,2
10754575,1
10755576,2
10756576,3
10757577,1
10758577,2
10759578,3
10760578,3
10761579,0
10762579,5
10763580,1
10764580,1
10765581,4
10766581,2
10767582,1
10768582,3
10769583,3
10770583,2
10771584,2
10772584,3
10773585,1
10774585,0
10775586,3
10776586,2
10777587,2
10778587,3
10779588,2
10780588,1
10781589,1
10782589,3
10783590,1
10784590,4
10785591,1
10786591,1
10787592,0
10788592,1
10789593,2
10790593,2
10791594,3
10792594,1
10793595,5
10794595,2
10795596,0
10796596,2
10797597,0
10798597,2
10799598,3
10800598,3
10801599,0
10802599,0
10803600,2
10804600,3
10805601,1
10806601,3
10807602,4
10808602,1
10809603,0
10810603,1
10811604,0
10812604,0
10813605,0
10814605,1
10815606,0
10816606,1
10817607,3
10818607,2
10819608,4
10820608,1
10821609,0
10822609,5
10823610,1
10824610,3
10825611,2
10826611,2
10827612,5
10828612,0
10829613,1
10830613,0
10831614,1
10832614,2
10833615,1
10834615,5
10835616,0
10836616,3
10837617,1
10838617,1
10839618,2
10840618,2
10841619,1
10842619,2
10843620,2
10844620,3
10845621,1
10846621,2
10847622,2
10848622,1
10849623,2
10850623,4
10851624,0
10852624,0
10853625,1
10854625,1
10855626,1
10856626,0
10857627,2
10858627,2
10859628,0
10860628,1
10861629,1
10862629,2
10863630,1
10864630,0
10865631,0
10866631,3
10867632,0
10868632,2
10869633,2
10870633,0
10871634,3
10872634,2
10873635,2
10874635,6
10875636,1
10876636,2
10877637,2
10878637,1
10879638,3
10880638,2
10881639,3
10882639,0
10883640,0
10884640,3
10885641,1
10886641,0
10887642,1
10888642,0
10889643,1
10890643,1
10891644,0
10892644,2
10893645,3
10894645,0
10895646,2
10896646,4
10897647,0
10898647,0
10899648,1
10900648,1
10901649,1
10902649,0
10903650,6
10904650,0
10905651,0
10906651,1
10907652,3
10908652,1
10909653,4
10910653,0
10911654,1
10912654,2
10913655,1
10914655,0
10915656,1
10916656,1
10917657,3
10918657,2
10919658,1
10920658,0
10921659,1
10922659,1
10923660,2
10924660,3
10925661,0
10926661,2
10927662,1
10928662,1
10929663,2
10930663,1
10931664,1
10932664,0
10933665,2
10934665,3
10935666,2
10936666,0
10937667,0
10938667,1
10939668,2
10940668,2
10941669,1
10942669,0
10943670,3
10944670,1
10945671,0
10946671,0
10947672,3
10948672,6
10949673,0
10950673,1
10951674,1
10952674,5
10953675,1
10954675,0
10955676,0
10956676,0
10957677,1
10958677,0
10959678,0
10960678,1
10961679,1
10962679,0
10963680,1
10964680,1
10965681,2
10966681,2
10967682,1
10968682,2
10969683,0
10970683,2
10971684,1
10972684,2
10973685,3
10974685,1
10975686,2
10976686,4
10977687,1
10978687,2
10979688,1
10980688,2
10981689,3
10982689,3
10983690,2
10984690,2
10985691,2
10986691,1
10987692,0
10988692,0
10989693,1
10990693,0
10991694,0
10992694,1
10993695,1
10994695,5
10995696,2
10996696,2
10997697,1
10998697,0
10999698,3
11000698,3
11001699,0
11002699,2
11003700,0
11004700,2
11005701,0
11006701,1
11007702,0
11008702,1
11009703,0
11010703,2
11011704,2
11012704,0
11013705,1
11014705,1
11015706,0
11016706,2
11017707,1
11018707,2
11019708,0
11020708,0
11021709,1
11022709,0
11023710,0
11024710,0
11025711,4
11026711,2
11027712,0
11028712,1
11029713,0
11030713,2
11031714,2
11032714,0
11033715,3
11034715,2
11035716,1
11036716,1
11037717,0
11038717,3
11039718,1
11040718,2
11041719,1
11042719,1
11043720,0
11044720,0
11045721,2
11046721,3
11047722,2
11048722,0
11049723,2
11050723,0
11051724,2
11052724,2
11053725,2
11054725,1
11055726,1
11056726,0
11057727,0
11058727,2
11059728,0
11060728,3
11061729,1
11062729,1
11063730,1
11064730,1
11065731,2
11066731,2
11067732,0
11068732,0
11069733,0
11070733,0
11071734,0
11072734,2
11073735,0
11074735,1
11075736,1
11076736,0
11077737,2
11078737,2
11079738,1
11080738,0
11081739,2
11082739,1
11083740,4
11084740,1
11085741,0
11086741,2
11087742,1
11088742,0
11089743,3
11090743,0
11091744,4
11092744,1
11093745,2
11094745,2
11095746,0
11096746,0
11097747,0
11098747,0
11099748,1
11100748,1
11101749,1
11102749,0
11103750,1
11104750,2
11105751,1
11106751,0
11107752,1
11108752,1
11109753,1
11110753,1
11111754,2
11112754,1
11113755,0
11114755,3
11115756,0
11116756,0
11117757,0
11118757,2
11119758,0
11120758,0
11121759,0
11122759,0
11123760,1
11124760,2
11125761,1
11126761,1
11127762,1
11128762,1
11129763,1
11130763,1
11131764,0
11132764,0
11133765,2
11134765,0
11135766,2
11136766,1
11137767,2
11138767,0
11139768,0
11140768,0
11141769,1
11142769,1
11143770,0
11144770,2
11145771,0
11146771,1
11147772,0
11148772,0
11149773,0
11150773,1
11151774,0
11152774,1
11153775,2
11154775,0
11155776,0
11156776,0
11157777,0
11158777,1
11159778,2
11160778,1
11161779,1
11162779,0
11163780,0
11164780,1
11165781,0
11166781,0
11167782,2
11168782,0
11169783,0
11170783,1
11171784,0
11172784,0
11173785,0
11174785,0
11175786,2
11176786,0
11177787,1
11178787,0
11179788,1
11180788,0
11181789,0
11182789,0
11183790,1
11184790,1
11185791,0
11186791,0
11187792,2
11188792,0
11189793,1
11190793,1
11191794,0
11192794,0
11193795,0
11194795,0
11195796,1
11196796,1
11197797,0
11198797,2
11199798,1
11200798,1
11201799,0
11202799,1
11203800,0
11204800,1
11205801,0
11206801,1
11207802,0
11208802,0
11209803,1
11210803,0
11211804,0
11212804,1
11213805,0
11214805,0
11215806,0
11216806,0
11217807,0
11218807,1
11219808,0
11220808,0
11221809,0
11222809,0
11223810,1
11224810,2
11225811,1
11226811,0
11227812,0
11228812,0
11229813,1
11230813,0
11231814,0
11232814,0
11233815,2
11234815,2
11235816,2
11236816,0
11237817,0
11238817,1
11239818,0
11240818,0
11241819,2
11242819,0
11243820,0
11244820,0
11245821,2
11246821,1
11247822,0
11248822,0
11249823,0
11250823,0
11251824,0
11252824,0
11253825,0
11254825,0
11255826,1
11256826,1
11257827,2
11258827,1
11259828,0
11260828,0
11261829,3
11262829,1
11263830,1
11264830,1
11265831,0
11266831,0
11267832,0
11268832,1
11269833,0
11270833,0
11271834,1
11272834,0
11273835,1
11274835,0
11275836,1
11276836,0
11277837,1
11278837,0
11279838,2
11280838,1
11281839,0
11282839,1
11283840,1
11284840,1
11285841,1
11286841,0
11287842,0
11288842,1
11289843,0
11290843,0
11291844,1
11292844,1
11293845,3
11294845,0
11295846,0
11296846,0
11297847,1
11298847,2
11299848,1
11300848,0
11301849,0
11302849,0
11303850,0
11304850,1
11305851,0
11306851,0
11307852,0
11308852,2
11309853,2
11310853,1
11311854,0
11312854,1
11313855,0
11314855,0
11315856,1
11316856,0
11317857,0
11318857,0
11319858,0
11320858,0
11321859,1
11322859,0
11323860,0
11324860,0
11325861,1
11326861,0
11327862,0
11328862,0
11329863,2
11330863,0
11331864,0
11332864,1
11333865,0
11334865,0
11335866,0
11336866,0
11337867,0
11338867,1
11339868,0
11340868,0
11341869,0
11342869,0
11343870,1
11344870,0
11345871,1
11346871,0
11347872,1
11348872,1
11349873,3
11350873,1
11351874,0
11352874,0
11353875,1
11354875,1
11355876,0
11356876,0
11357877,0
11358877,0
11359878,0
11360878,0
11361879,0
11362879,0
11363880,0
11364880,0
11365881,0
11366881,0
11367882,0
11368882,0
11369883,0
11370883,0
11371884,0
11372884,0
11373885,0
11374885,0
11375886,1
11376886,0
11377887,1
11378887,0
11379888,1
11380888,0
11381889,0
11382889,0
11383890,3
11384890,1
11385891,2
11386891,0
11387892,0
11388892,0
11389893,4
11390893,1
11391894,1
11392894,0
11393895,1
11394895,0
11395896,0
11396896,2
11397897,1
11398897,1
11399898,0
11400898,0
11401899,0
11402899,0
11403900,0
11404900,0
11405901,0
11406901,2
11407902,0
11408902,1
11409903,0
11410903,1
11411904,3
11412904,0
11413905,4
11414905,1
11415906,0
11416906,1
11417907,1
11418907,1
11419908,0
11420908,0
11421909,2
11422909,0
11423910,0
11424910,0
11425911,0
11426911,0
11427912,1
11428912,1
11429913,0
11430913,1
11431914,2
11432914,0
11433915,0
11434915,0
11435916,2
11436916,2
11437917,0
11438917,1
11439918,1
11440918,0
11441919,0
11442919,1
11443920,0
11444920,1
11445921,0
11446921,0
11447922,0
11448922,0
11449923,1
11450923,0
11451924,0
11452924,1
11453925,1
11454925,0
11455926,0
11456926,0
11457927,0
11458927,2
11459928,1
11460928,1
11461929,0
11462929,2
11463930,1
11464930,1
11465931,0
11466931,0
11467932,1
11468932,0
11469933,0
11470933,0
11471934,0
11472934,1
11473935,0
11474935,0
11475936,1
11476936,1
11477937,0
11478937,0
11479938,1
11480938,0
11481939,0
11482939,0
11483940,0
11484940,0
11485941,0
11486941,1
11487942,0
11488942,1
11489943,0
11490943,0
11491944,2
11492944,2
11493945,0
11494945,0
11495946,0
11496946,0
11497947,0
11498947,0
11499948,0
11500948,0
11501949,0
11502949,0
11503950,0
11504950,0
11505951,1
11506951,1
11507952,0
11508952,0
11509953,0
11510953,0
11511954,0
11512954,0
11513955,0
11514955,0
11515956,0
11516956,0
11517957,0
11518957,0
11519958,0
11520958,0
11521959,0
11522959,1
11523960,4
11524960,0
11525961,0
11526961,0
11527962,1
11528962,1
11529963,0
11530963,0
11531964,0
11532964,0
11533965,0
11534965,0
11535966,0
11536966,0
11537967,0
11538967,1
11539968,1
11540968,1
11541969,1
11542969,1
11543970,0
11544970,0
11545971,0
11546971,0
11547972,0
11548972,0
11549973,2
11550973,0
11551974,1
11552974,1
11553975,0
11554975,0
11555976,0
11556976,2
11557977,0
11558977,0
11559978,0
11560978,1
11561979,0
11562979,1
11563980,1
11564980,1
11565981,0
11566981,0
11567982,0
11568982,0
11569983,0
11570983,0
11571984,0
11572984,1
11573985,0
11574985,1
11575986,0
11576986,0
11577987,0
11578987,0
11579988,1
11580988,0
11581989,0
11582989,0
11583990,0
11584990,1
11585991,1
11586991,0
11587992,0
11588992,1
11589993,0
11590993,0
11591994,0
11592994,0
11593995,0
11594995,0
11595996,1
11596996,1
11597997,0
11598997,0
11599998,0
11600998,0
11601999,1
11602999,0
11604000,0
11605000,1
11606001,0
11607001,0
11608002,1
11609002,1
11610003,0
11611003,0
11612004,1
11613004,0
11614005,1
11615005,0
11616006,0
11617006,0
11618007,0
11619007,1
11620008,1
11621008,1
11622009,0
11623009,0
11624010,1
11625010,0
11626011,0
11627011,0
11628012,0
11629012,0
11630013,0
11631013,0
11632014,1
11633014,1
11634015,0
11635015,1
11636016,1
11637016,1
11638017,0
11639017,0
11640070,0
11641070,0
11642071,2
11643071,0
11644072,1
11645072,0
11646073,0
11647073,0
11648074,1
11649074,0
11650075,1
11651075,0
11652076,0
11653076,0
11654077,0
11655077,1
11656078,1
11657078,0
11658079,1
11659079,0
11660080,0
11661080,0
11662081,0
11663081,0
11664082,0
11665082,0
11666083,1
11667083,0
11668084,0
11669084,3
11670085,0
11671085,0
11672086,0
11673086,1
11674087,0
11675087,0
11676088,2
11677088,1
11678089,1
11679089,0
11680090,0
11681090,1
11682091,0
11683091,0
11684092,0
11685092,1
11686093,0
11687093,0
11688094,0
11689094,0
11690095,0
11691095,0
11692096,0
11693096,1
11694097,0
11695097,0
11696098,1
11697098,0
11698099,0
11699099,0
11700100,0
11701100,0
11702101,1
11703101,1
11704102,0
11705102,0
11706103,0
11707103,0
11708104,0
11709104,0
11710105,0
11711105,0
11712106,0
11713106,1
11714107,0
11715107,0
11716108,0
11717108,0
11718109,2
11719109,0
11720110,0
11721110,0
11722111,0
11723111,0
11724112,1
11725112,0
11726113,0
11727113,0
11728114,0
11729114,0
11730115,1
11731115,0
11732116,0
11733116,1
11734117,0
11735117,0
11736118,0
11737118,0
11738119,0
11739119,0
11740120,1
11741120,0
11742121,0
11743121,0
11744122,0
11745122,0
11746123,0
11747123,0
11748124,0
11749124,1
11750125,0
11751125,0
11752126,0
11753126,0
11754127,0
11755127,0
11756128,1
11757128,0
11758129,0
11759129,0
11760157,0
11761157,1
11762158,0
11763158,0
11764159,0
11765159,0
11766160,0
11767160,1
11768161,0
11769161,0
11770162,1
11771162,0
11772163,0
11773163,0
11774164,1
11775164,0
11776165,0
11777165,0
11778166,0
11779166,0
11780167,0
11781167,2
11782168,1
11783168,0
11784169,0
11785169,0
11786170,1
11787170,0
11788171,0
11789171,0
11790172,0
11791172,0
11792173,3
11793173,0
11794174,0
11795174,0
11796175,1
11797175,1
11798176,0
11799176,0
11800177,1
11801177,1
11802178,0
11803178,0
11804179,2
11805179,0
11806180,4
11807180,0
11808181,1
11809181,0
11810182,0
11811182,0
11812183,0
11813183,0
11814184,0
11815184,0
11816185,2
11817185,1
11818186,1
11819186,0
11820187,0
11821187,1
11822188,0
11823188,1
11824189,0
11825189,0
11826190,0
11827190,0
11828191,0
11829191,0
11830192,0
11831192,0
11832193,1
11833193,0
11834194,0
11835194,1
11836195,0
11837195,1
11838196,0
11839196,0
11840197,0
11841197,0
11842198,0
11843198,0
11844199,0
11845199,0
11846200,1
11847200,0
11848201,0
11849201,1
11850202,0
11851202,0
11852203,1
11853203,0
11854204,0
11855204,0
11856205,0
11857205,0
11858206,0
11859206,0
11860207,1
11861207,0
11862208,0
11863208,0
11864209,0
11865209,0
11866210,0
11867210,1
11868211,2
11869211,0
11870212,0
11871212,0
11872213,0
11873213,0
11874214,1
11875214,0
11876215,0
11877215,0
11878216,0
11879216,0
11880217,0
11881217,0
11882218,0
11883218,0
11884219,0
11885219,0
11886220,0
11887220,0
11888221,1
11889221,0
11890222,0
11891222,0
11892223,0
11893223,1
11894224,0
11895224,0
11896225,1
11897225,0
11898226,0
11899226,0
11900227,2
11901227,0
11902228,1
11903228,0
11904229,0
11905229,0
11906230,0
11907230,1
11908231,0
11909231,0
11910232,0
11911232,0
11912233,1
11913233,1
11914234,3
11915234,0
11916235,0
11917235,0
11918236,0
11919236,0
11920237,1
11921237,1
11922238,0
11923238,2
11924239,0
11925239,0
11926240,0
11927240,0
11928241,0
11929241,0
11930242,0
11931242,0
11932243,0
11933243,0
11934244,0
11935244,0
11936245,0
11937245,0
11938246,1
11939246,0
11940247,0
11941247,0
11942248,0
11943248,0
11944249,0
11945249,0
11946250,0
11947250,0
11948251,0
11949251,1
11950252,0
11951252,0
11952253,3
11953253,0
11954254,0
11955254,1
11956255,0
11957255,0
11958256,0
11959256,0
11960257,0
11961257,0
11962258,0
11963258,0
11964259,0
11965259,1
11966260,0
11967260,0
11968261,0
11969261,0
11970262,0
11971262,0
11972263,1
11973263,0
11974264,0
11975264,0
11976265,0
11977265,0
11978266,0
11979266,1
11980267,0
11981267,1
11982268,2
11983268,0
11984269,0
11985269,0
11986270,0
11987270,0
11988271,0
11989271,1
11990272,0
11991272,0
11992273,0
11993273,1
11994274,0
11995274,0
11996275,0
11997275,2
11998276,0
11999276,0
12000277,0
12001277,0
12002278,0
12003278,1
12004279,0
12005279,0
12006280,0
12007280,0
12008281,2
12009281,0
12010282,0
12011282,0
12012283,2
12013283,0
12014284,0
12015284,0
12016285,1
12017285,0
12018286,0
12019286,1
12020287,0
12021287,0
12022288,1
12023288,0
12024289,0
12025289,1
12026290,0
12027290,0
12028291,0
12029291,0
12030292,0
12031292,0
12032293,0
12033293,0
12034294,0
12035294,0
12036295,0
12037295,0
12038296,0
12039296,0
12040297,0
12041297,0
12042298,1
12043298,0
12044299,2
12045299,0
12046300,0
12047300,0
12048301,0
12049301,0
12050302,0
12051302,0
12052303,0
12053303,0
12054304,1
12055304,0
12056305,0
12057305,0
12058306,0
12059306,0
12060307,2
12061307,1
12062308,0
12063308,1
12064309,0
12065309,0
12066310,0
12067310,0
12068311,0
12069311,2
12070312,0
12071312,0
12072313,0
12073313,0
12074314,1
12075314,0
12076315,0
12077315,0
12078316,0
12079316,2
12080317,0
12081317,1
12082318,0
12083318,0
12084319,1
12085319,0
12086320,1
12087320,0
12088321,0
12089321,1
12090322,0
12091322,0
12092323,0
12093323,0
12094324,0
12095324,0
12096325,0
12097325,0
12098326,0
12099326,1
12100327,0
12101327,0
12102328,0
12103328,1
12104329,0
12105329,3
12106330,1
12107330,0
12108331,0
12109331,1
12110332,0
12111332,0
12112333,0
12113333,1
12114334,0
12115334,0
12116335,0
12117335,0
12118336,2
12119336,0
12120337,1
12121337,0
12122338,0
12123338,1
12124339,0
12125339,0
12126340,1
12127340,1
12128341,1
12129341,0
12130342,0
12131342,0
12132343,2
12133343,0
12134344,0
12135344,1
12136345,1
12137345,0
12138346,2
12139346,0
12140347,0
12141347,0
12142348,0
12143348,0
12144349,1
12145349,0
12146350,1
12147350,0
12148351,0
12149351,0
12150352,1
12151352,0
12152353,2
12153353,0
12154354,0
12155354,0
12156355,0
12157355,0
12158356,1
12159356,0
12160357,0
12161357,2
12162358,0
12163358,1
12164359,0
12165359,0
12166360,1
12167360,0
12168361,3
12169361,0
12170362,1
12171362,0
12172363,0
12173363,0
12174364,0
12175364,0
12176365,0
12177365,4
12178366,0
12179366,0
12180367,1
12181367,0
12182368,1
12183368,0
12184369,0
12185369,1
12186370,4
12187370,1
12188371,0
12189371,0
12190372,0
12191372,0
12192373,1
12193373,0
12194374,1
12195374,0
12196375,0
12197375,0
12198376,2
12199376,0
12200377,0
12201377,0
12202378,2
12203378,0
12204379,1
12205379,0
12206380,0
12207380,0
12208381,0
12209381,2
12210382,0
12211382,0
12212383,0
12213383,0
12214384,1
12215384,0
12216385,2
12217385,0
12218386,1
12219386,0
12220387,0
12221387,0
12222388,0
12223388,0
12224389,0
12225389,1
12226390,0
12227390,0
12228391,0
12229391,0
12230392,1
12231392,0
12232393,0
12233393,3
12234394,0
12235394,0
12236395,0
12237395,0
12238396,0
12239396,0
12240397,0
12241397,0
12242398,0
12243398,1
12244399,0
12245399,0
12246400,0
12247400,0
12248401,2
12249401,0
12250402,0
12251402,0
12252403,1
12253403,2
12254404,0
12255404,0
12256405,0
12257405,0
12258406,0
12259406,0
12260407,0
12261407,0
12262408,0
12263408,0
12264409,1
12265409,1
12266410,0
12267410,1
12268411,0
12269411,0
12270412,0
12271412,0
12272413,0
12273413,1
12274414,1
12275414,0
12276415,0
12277415,0
12278416,0
12279416,0
12280417,1
12281417,0
12282418,0
12283418,0
12284419,0
12285419,0
12286420,0
12287420,0
12288421,0
12289421,0
12290422,0
12291422,0
12292423,0
12293423,1
12294424,2
12295424,0
12296425,1
12297425,1
12298426,1
12299426,0
12300427,0
12301427,1
12302428,0
12303428,0
12304429,1
12305429,0
12306430,0
12307430,1
12308431,0
12309431,1
12310432,0
12311432,1
12312433,0
12313433,0
12314434,1
12315434,0
12316435,0
12317435,0
12318436,1
12319436,2
12320437,0
12321437,0
12322438,0
12323438,0
12324439,2
12325439,0
12326440,1
12327440,0
12328441,1
12329441,0
12330442,1
12331442,0
12332443,0
12333443,0
12334444,0
12335444,1
12336445,0
12337445,1
12338446,0
12339446,0
12340447,3
12341447,0
12342448,0
12343448,0
12344449,0
12345449,0
12346450,0
12347450,1
12348451,1
12349451,0
12350452,0
12351452,0
12352453,1
12353453,1
12354454,2
12355454,1
12356455,0
12357455,0
12358456,0
12359456,0
12360457,1
12361457,0
12362458,0
12363458,1
12364459,3
12365459,0
12366460,0
12367460,1
12368461,0
12369461,0
12370462,0
12371462,0
12372463,0
12373463,0
12374464,0
12375464,0
12376465,0
12377465,0
12378466,1
12379466,0
12380467,0
12381467,0
12382468,0
12383468,1
12384469,0
12385469,1
12386470,1
12387470,1
12388471,0
12389471,0
12390472,0
12391472,0
12392473,1
12393473,0
12394474,1
12395474,0
12396475,0
12397475,1
12398476,0
12399476,1
12400477,1
12401477,0
12402478,1
12403478,0
12404479,1
12405479,0
12406480,2
12407480,0
12408481,0
12409481,0
12410482,1
12411482,0
12412483,0
12413483,0
12414484,1
12415484,0
12416485,0
12417485,1
12418486,0
12419486,1
12420487,1
12421487,2
12422488,1
12423488,0
12424489,2
12425489,3
12426490,0
12427490,0
12428491,3
12429491,0
12430492,0
12431492,0
12432493,0
12433493,0
12434494,1
12435494,0
12436495,2
12437495,0
12438496,0
12439496,0
12440497,0
12441497,0
12442498,0
12443498,0
12444499,1
12445499,1
12446500,0
12447500,0
12448501,0
12449501,0
12450502,1
12451502,0
12452503,0
12453503,0
12454504,0
12455504,0
12456505,0
12457505,0
12458506,0
12459506,1
12460507,0
12461507,2
12462508,1
12463508,1
12464509,0
12465509,0
12466510,0
12467510,1
12468511,0
12469511,0
12470512,0
12471512,0
12472513,0
12473513,0
12474514,0
12475514,0
12476515,1
12477515,0
12478516,0
12479516,0
12480517,0
12481517,1
12482518,0
12483518,1
12484519,1
12485519,0
12486520,0
12487520,1
12488521,0
12489521,1
12490522,1
12491522,0
12492523,2
12493523,0
12494524,1
12495524,0
12496525,0
12497525,0
12498526,2
12499526,0
12500527,0
12501527,1
12502528,0
12503528,0
12504529,0
12505529,0
12506530,0
12507530,1
12508531,0
12509531,0
12510532,1
12511532,0
12512533,0
12513533,0
12514534,1
12515534,0
12516535,2
12517535,0
12518536,0
12519536,0
12520537,1
12521537,0
12522538,0
12523538,0
12524539,0
12525539,1
12526540,2
12527540,0
12528541,1
12529541,0
12530542,2
12531542,0
12532543,0
12533543,0
12534544,0
12535544,0
12536545,1
12537545,1
12538546,0
12539546,0
12540547,0
12541547,0
12542548,1
12543548,0
12544549,1
12545549,0
12546550,1
12547550,1
12548551,0
12549551,1
12550552,1
12551552,0
12552553,0
12553553,0
12554554,1
12555554,0
12556555,2
12557555,0
12558556,0
12559556,0
12560557,0
12561557,1
12562558,0
12563558,1
12564559,0
12565559,1
12566560,0
12567560,0
12568561,0
12569561,0
12570562,0
12571562,1
12572563,0
12573563,0
12574564,0
12575564,1
12576565,0
12577565,0
12578566,0
12579566,0
12580567,0
12581567,1
12582568,2
12583568,0
12584569,0
12585569,1
12586570,0
12587570,0
12588571,1
12589571,0
12590572,0
12591572,1
12592573,1
12593573,0
12594574,0
12595574,0
12596575,0
12597575,0
12598576,1
12599576,0
12600577,1
12601577,0
12602578,1
12603578,0
12604579,1
12605579,0
12606580,0
12607580,0
12608581,0
12609581,1
12610582,2
12611582,0
12612583,0
12613583,2
12614584,0
12615584,1
12616585,0
12617585,0
12618586,1
12619586,2
12620587,1
12621587,0
12622588,0
12623588,1
12624589,0
12625589,0
12626590,0
12627590,1
12628591,0
12629591,1
12630592,0
12631592,1
12632593,1
12633593,2
12634594,0
12635594,0
12636595,2
12637595,0
12638596,0
12639596,0
12640597,3
12641597,1
12642598,0
12643598,0
12644599,0
12645599,0
12646600,0
12647600,0
12648601,0
12649601,0
12650602,1
12651602,1
12652603,1
12653603,0
12654604,0
12655604,0
12656605,0
12657605,1
12658606,1
12659606,1
12660607,2
12661607,3
12662608,1
12663608,0
12664609,1
12665609,1
12666610,0
12667610,0
12668611,0
12669611,0
12670612,3
12671612,1
12672613,2
12673613,0
12674614,1
12675614,0
12676615,0
12677615,1
12678616,0
12679616,1
12680617,0
12681617,0
12682618,1
12683618,0
12684619,1
12685619,0
12686620,2
12687620,0
12688621,0
12689621,3
12690622,2
12691622,0
12692623,0
12693623,0
12694624,0
12695624,0
12696625,0
12697625,1
12698626,1
12699626,0
12700627,2
12701627,0
12702628,0
12703628,0
12704629,0
12705629,0
12706630,0
12707630,1
12708631,0
12709631,1
12710632,0
12711632,0
12712633,1
12713633,0
12714634,2
12715634,0
12716635,1
12717635,0
12718636,0
12719636,0
12720637,1
12721637,0
12722638,0
12723638,0
12724639,0
12725639,0
12726640,0
12727640,1
12728641,1
12729641,0
12730642,0
12731642,0
12732643,1
12733643,1
12734644,2
12735644,1
12736645,0
12737645,0
12738646,0
12739646,1
12740647,0
12741647,0
12742648,0
12743648,0
12744649,0
12745649,0
12746650,1
12747650,1
12748651,0
12749651,0
12750652,0
12751652,0
12752653,1
12753653,0
12754654,0
12755654,2
12756655,0
12757655,0
12758656,0
12759656,0
12760657,0
12761657,1
12762658,1
12763658,0
12764659,2
12765659,0
12766660,1
12767660,0
12768661,0
12769661,1
12770662,0
12771662,0
12772663,2
12773663,1
12774664,0
12775664,1
12776665,0
12777665,0
12778666,1
12779666,1
12780667,0
12781667,0
12782668,0
12783668,0
12784669,0
12785669,1
12786670,0
12787670,1
12788671,0
12789671,0
12790672,0
12791672,0
12792673,0
12793673,0
12794674,0
12795674,0
12796675,0
12797675,2
12798676,0
12799676,1
12800677,0
12801677,1
12802678,0
12803678,0
12804679,0
12805679,0
12806680,0
12807680,0
12808681,2
12809681,2
12810682,1
12811682,1
12812683,0
12813683,1
12814684,1
12815684,0
12816685,2
12817685,0
12818686,1
12819686,0
12820687,0
12821687,1
12822688,0
12823688,0
12824689,0
12825689,1
12826690,0
12827690,1
12828691,0
12829691,0
12830692,0
12831692,0
12832693,0
12833693,0
12834694,2
12835694,0
12836695,0
12837695,0
12838696,0
12839696,1
12840697,1
12841697,0
12842698,1
12843698,1
12844699,2
12845699,0
12846700,0
12847700,0
12848701,0
12849701,0
12850702,0
12851702,2
12852703,0
12853703,0
12854704,1
12855704,0
12856705,0
12857705,0
12858706,0
12859706,0
12860707,0
12861707,1
12862708,2
12863708,0
12864709,1
12865709,1
12866710,0
12867710,0
12868711,1
12869711,4
12870712,0
12871712,0
12872713,2
12873713,1
12874714,0
12875714,1
12876715,0
12877715,0
12878716,2
12879716,0
12880717,1
12881717,0
12882718,0
12883718,0
12884719,0
12885719,0
12886720,0
12887720,1
12888721,0
12889721,0
12890722,0
12891722,2
12892723,2
12893723,1
12894724,1
12895724,0
12896725,0
12897725,0
12898726,0
12899726,0
12900727,0
12901727,0
12902728,1
12903728,0
12904729,0
12905729,0
12906730,0
12907730,0
12908731,1
12909731,1
12910732,0
12911732,0
12912733,0
12913733,0
12914734,0
12915734,1
12916735,1
12917735,0
12918736,0
12919736,0
12920737,1
12921737,1
12922738,1
12923738,1
12924739,0
12925739,0
12926740,0
12927740,0
12928741,0
12929741,0
12930742,0
12931742,1
12932743,1
12933743,1
12934744,0
12935744,0
12936745,1
12937745,0
12938746,0
12939746,1
12940747,0
12941747,1
12942748,0
12943748,0
12944749,0
12945749,1
12946750,0
12947750,0
12948751,0
12949751,0
12950752,1
12951752,0
12952753,2
12953753,0
12954754,0
12955754,0
12956755,0
12957755,0
12958756,0
12959756,0
12960757,1
12961757,0
12962758,3
12963758,1
12964759,0
12965759,1
12966760,0
12967760,0
12968761,0
12969761,2
12970762,0
12971762,3
12972763,1
12973763,0
12974764,1
12975764,2
12976765,0
12977765,0
12978766,0
12979766,0
12980767,0
12981767,0
12982768,0
12983768,0
12984769,0
12985769,1
12986770,1
12987770,1
12988771,0
12989771,1
12990772,1
12991772,2
12992773,0
12993773,0
12994774,0
12995774,0
12996775,0
12997775,2
12998776,1
12999776,0
13000777,1
13001777,0
13002778,0
13003778,0
13004779,0
13005779,0
13006780,0
13007780,1
13008781,0
13009781,1
13010782,1
13011782,0
13012783,1
13013783,1
13014784,2
13015784,1
13016785,0
13017785,0
13018786,1
13019786,1
13020787,0
13021787,0
13022788,0
13023788,1
13024789,1
13025789,0
13026790,1
13027790,0
13028791,0
13029791,2
13030792,0
13031792,0
13032793,1
13033793,0
13034794,2
13035794,0
13036795,0
13037795,1
13038796,1
13039796,2
13040797,0
13041797,0
13042798,0
13043798,1
13044799,2
13045799,1
13046800,0
13047800,0
13048801,2
13049801,0
13050802,0
13051802,0
13052803,0
13053803,1
13054804,0
13055804,0
13056805,0
13057805,0
13058806,0
13059806,0
13060807,0
13061807,1
13062808,1
13063808,0
13064809,0
13065809,0
13066810,0
13067810,2
13068811,1
13069811,1
13070812,0
13071812,0
13072813,0
13073813,1
13074814,1
13075814,0
13076815,0
13077815,2
13078816,3
13079816,1
13080817,0
13081817,0
13082818,0
13083818,0
13084819,1
13085819,0
13086820,0
13087820,0
13088821,0
13089821,0
13090822,0
13091822,0
13092823,1
13093823,0
13094824,0
13095824,0
13096825,0
13097825,0
13098826,0
13099826,0
13100827,1
13101827,2
13102828,0
13103828,0
13104829,0
13105829,0
13106830,0
13107830,1
13108831,0
13109831,0
13110832,0
13111832,1
13112833,0
13113833,0
13114834,0
13115834,0
13116835,1
13117835,0
13118836,0
13119836,2
13120837,0
13121837,1
13122838,0
13123838,0
13124839,0
13125839,0
13126840,0
13127840,0
13128841,1
13129841,2
13130842,0
13131842,1
13132843,0
13133843,3
13134844,0
13135844,1
13136845,0
13137845,0
13138846,0
13139846,3
13140847,0
13141847,0
13142848,1
13143848,0
13144849,1
13145849,0
13146850,0
13147850,0
13148851,1
13149851,0
13150852,1
13151852,1
13152853,0
13153853,0
13154854,2
13155854,1
13156855,2
13157855,0
13158856,0
13159856,0
13160857,0
13161857,0
13162858,1
13163858,1
13164859,1
13165859,0
13166860,0
13167860,1
13168861,0
13169861,4
13170862,0
13171862,0
13172863,1
13173863,1
13174864,0
13175864,1
13176865,0
13177865,2
13178866,1
13179866,0
13180867,0
13181867,1
13182868,0
13183868,0
13184869,0
13185869,1
13186870,0
13187870,0
13188871,1
13189871,0
13190872,0
13191872,0
13192873,1
13193873,0
13194874,0
13195874,1
13196875,1
13197875,0
13198876,1
13199876,0
13200877,0
13201877,0
13202878,2
13203878,0
13204879,0
13205879,0
13206880,1
13207880,0
13208881,1
13209881,1
13210882,0
13211882,0
13212883,0
13213883,0
13214884,2
13215884,0
13216885,0
13217885,1
13218886,1
13219886,0
13220887,1
13221887,0
13222888,1
13223888,1
13224889,0
13225889,0
13226890,1
13227890,0
13228891,0
13229891,0
13230892,1
13231892,0
13232893,2
13233893,0
13234894,0
13235894,0
13236895,0
13237895,0
13238896,0
13239896,0
13240897,0
13241897,0
13242898,0
13243898,1
13244899,0
13245899,0
13246900,1
13247900,0
13248901,0
13249901,3
13250902,0
13251902,3
13252903,0
13253903,0
13254904,1
13255904,0
13256905,0
13257905,0
13258906,0
13259906,0
13260907,0
13261907,0
13262908,0
13263908,0
13264909,0
13265909,0
13266910,0
13267910,1
13268911,0
13269911,3
13270912,0
13271912,1
13272913,0
13273913,0
13274914,0
13275914,0
13276915,0
13277915,1
13278916,0
13279916,1
13280917,0
13281917,0
13282918,1
13283918,1
13284919,0
13285919,1
13286920,1
13287920,2
13288921,0
13289921,1
13290922,0
13291922,0
13292923,0
13293923,0
13294924,0
13295924,0
13296925,4
13297925,1
13298926,1
13299926,0
13300927,1
13301927,0
13302928,0
13303928,1
13304929,0
13305929,1
13306930,0
13307930,0
13308931,0
13309931,0
13310932,0
13311932,0
13312933,1
13313933,0
13314934,0
13315934,2
13316935,0
13317935,0
13318936,0
13319936,1
13320937,0
13321937,0
13322938,1
13323938,0
13324939,1
13325939,0
13326940,2
13327940,0
13328941,0
13329941,0
13330942,0
13331942,0
13332943,0
13333943,0
13334944,0
13335944,1
13336945,0
13337945,0
13338946,1
13339946,0
13340947,0
13341947,0
13342948,3
13343948,3
13344949,1
13345949,0
13346950,1
13347950,0
13348951,0
13349951,0
13350952,0
13351952,1
13352953,0
13353953,0
13354954,1
13355954,0
13356955,0
13357955,0
13358956,0
13359956,0
13360957,2
13361957,1
13362958,0
13363958,2
13364959,0
13365959,2
13366960,0
13367960,0
13368961,1
13369961,0
13370962,0
13371962,0
13372963,0
13373963,1
13374964,1
13375964,0
13376965,0
13377965,0
13378966,0
13379966,0
13380967,0
13381967,0
13382968,0
13383968,0
13384969,0
13385969,1
13386970,0
13387970,1
13388971,3
13389971,0
13390972,1
13391972,0
13392973,1
13393973,0
13394974,0
13395974,0
13396975,1
13397975,1
13398976,0
13399976,3
13400977,2
13401977,0
13402978,0
13403978,0
13404979,1
13405979,0
13406980,0
13407980,0
13408981,0
13409981,1
13410982,2
13411982,0
13412983,1
13413983,0
13414984,1
13415984,0
13416985,0
13417985,0
13418986,1
13419986,0
13420987,0
13421987,0
13422988,0
13423988,0
13424989,1
13425989,0
13426990,0
13427990,1
13428991,0
13429991,0
13430992,1
13431992,0
13432993,3
13433993,0
13434994,1
13435994,0
13436995,0
13437995,1
13438996,0
13439996,0
13440997,0
13441997,0
13442998,0
13443998,0
13444999,1
13445999,0
13447000,0
13448000,2
13449001,0
13450001,1
13451002,3
13452002,0
13453003,1
13454003,0
13455004,0
13456004,0
13457005,0
13458005,0
13459006,0
13460006,0
13461007,0
13462007,0
13463008,1
13464008,0
13465009,0
13466009,0
13467010,1
13468010,0
13469011,0
13470057,0
13471057,0
13472057,0
13473057,0
13474057,0
13475057,0
13476057,0
13477057,1
13478057,0
13479057,0
13480057,0
13481057,0
13482057,0
13483057,0
13484057,0
13485057,0
13486057,0
13487057,0
13488057,0
13489057,0
13490057,0
13491057,0
13492057,0
13493057,1
13494057,1
13495057,0
13496057,0
13497057,0
13498057,0
13499057,0
13500058,0
13501058,1
13502058,0
13503058,0
13504058,1
13505058,0
13506058,2
13507058,0
13508058,0
13509058,0
13510058,0
13511058,1
13512058,2
13513058,0
13514058,1
13515058,1
13516058,1
13517058,2
13518058,0
13519058,0
13520058,0
13521058,1
13522058,0
13523058,0
13524058,0
13525058,0
13526058,1
13527058,1
13528058,1
13529058,0
13530062,0
13531062,1
13532062,0
13533062,0
13534062,2
13535062,0
13536062,1
13537062,0
13538062,0
13539062,1
13540062,0
13541062,1
13542062,0
13543062,1
13544062,0
13545062,0
13546062,1
13547062,0
13548062,1
13549062,0
13550062,0
13551062,1
13552062,0
13553062,1
13554062,0
13555062,0
13556062,1
13557062,0
13558062,2
13559062,0
13560063,1
13561063,0
13562063,0
13563063,1
13564063,1
13565063,0
13566063,0
13567063,0
13568063,0
13569063,1
13570063,1
13571063,1
13572063,0
13573063,0
13574063,0
13575064,0
13576064,0
13577065,0
13578065,0
13579066,0
13580066,0
13581067,0
13582067,0
13583068,0
13584068,0
13585069,0
13586069,0
13587070,1
13588070,0
13589071,0
13590071,0
13591072,3
13592072,1
13593073,0
13594073,0
13595074,0
13596074,1
13597075,0
13598075,0
13599076,0
13600076,0
13601077,0
13602077,0
13603078,1
13604078,0
13605079,0
13606079,2
13607080,0
13608080,0
13609081,1
13610081,0
13611082,1
13612082,0
13613083,0
13614083,2
13615084,0
13616084,0
13617085,0
13618085,0
13619086,0
13620086,0
13621087,1
13622087,0
13623088,0
13624088,0
13625089,0
13626089,1
13627090,0
13628090,0
13629091,0
13630091,1
13631092,1
13632092,0
13633093,2
13634093,2
13635094,0
13636094,1
13637095,0
13638095,0
13639096,1
13640096,0
13641097,2
13642097,0
13643098,0
13644098,1
13645099,1
13646099,0
13647100,3
13648100,0
13649101,0
13650101,1
13651102,2
13652102,0
13653103,0
13654103,0
13655104,0
13656104,0
13657105,0
13658105,0
13659106,0
13660106,0
13661107,0
13662107,0
13663108,2
13664108,0
13665109,0
13666109,0
13667110,0
13668110,1
13669111,1
13670111,1
13671112,0
13672112,1
13673113,0
13674113,0
13675114,0
13676114,0
13677115,1
13678115,0
13679116,1
13680146,3
13681146,0
13682146,0
13683146,0
13684146,0
13685146,2
13686146,0
13687146,0
13688146,0
13689146,1
13690146,1
13691146,0
13692146,0
13693146,2
13694146,1
13695146,0
13696146,0
13697146,0
13698146,0
13699146,1
13700146,0
13701146,0
13702146,0
13703146,3
13704146,1
13705146,0
13706146,0
13707146,2
13708146,2
13709146,0
13710146,0
13711146,1
13712146,1
13713146,0
13714146,0
13715146,0
13716146,0
13717146,0
13718146,0
13719146,0
13720146,1
13721146,1
13722146,1
13723146,0
13724146,0
13725146,1
13726146,1
13727146,0
13728146,0
13729146,0
13730146,0
13731146,1
13732146,4
13733146,0
13734146,0
13735146,1
13736146,2
13737146,1
13738146,3
13739146,0
13740146,0
13741147,0
13742147,0
13743148,0
13744148,0
13745149,1
13746149,1
13747150,0
13748150,1
13749151,1
13750151,0
13751152,1
13752152,0
13753153,0
13754153,1
13755154,1
13756154,0
13757155,0
13758155,0
13759156,1
13760156,0
13761157,0
13762157,0
13763158,0
13764158,0
13765159,0
13766159,0
13767160,1
13768160,1
13769161,0
13770161,0
13771162,0
13772162,0
13773163,0
13774163,0
13775164,0
13776164,0
13777165,0
13778165,0
13779166,0
13780166,0
13781167,0
13782167,0
13783168,0
13784168,2
13785169,0
13786169,0
13787170,0
13788170,0
13789171,0
13790171,0
13791172,0
13792172,0
13793173,0
13794173,0
13795174,0
13796174,1
13797175,0
13798175,0
13799176,1
13800176,0
13801177,1
13802177,0
13803178,0
13804178,0
13805179,0
13806179,0
13807180,1
13808180,0
13809181,0
13810181,1
13811182,1
13812182,1
13813183,1
13814183,1
13815184,0
13816184,0
13817185,1
13818185,1
13819186,0
13820186,0
13821187,0
13822187,0
13823188,0
13824188,0
13825189,0
13826189,0
13827190,0
13828190,0
13829191,0
13830191,1
13831192,0
13832192,0
13833193,1
13834193,0
13835194,0
13836194,2
13837195,0
13838195,1
13839196,0
13840196,1
13841197,0
13842197,0
13843198,1
13844198,0
13845199,1
13846199,1
13847200,1
13848200,0
13849201,0
13850201,1
13851202,1
13852202,0
13853203,0
13854203,0
13855204,1
13856204,0
13857205,0
13858205,0
13859206,0
13860206,0
13861207,0
13862207,1
13863208,1
13864208,0
13865209,0
13866209,0
13867210,0
13868210,1
13869211,1
13870211,0
13871212,2
13872212,0
13873213,0
13874213,0
13875214,1
13876214,0
13877215,0
13878215,1
13879216,0
13880216,2
13881217,0
13882217,0
13883218,0
13884218,0
13885219,0
13886219,0
13887220,0
13888220,0
13889221,0
13890221,1
13891222,0
13892222,2
13893223,1
13894223,0
13895224,1
13896224,1
13897225,0
13898225,1
13899226,0
13900226,0
13901227,1
13902227,1
13903228,0
13904228,2
13905229,0
13906229,0
13907230,0
13908230,1
13909231,0
13910231,2
13911232,1
13912232,0
13913233,0
13914233,0
13915234,0
13916234,1
13917235,0
13918235,0
13919236,0
13920236,4
13921237,0
13922237,0
13923238,0
13924238,1
13925239,1
13926239,1
13927240,1
13928240,0
13929241,0
13930241,1
13931242,1
13932242,1
13933243,1
13934243,0
13935244,1
13936244,0
13937245,0
13938245,0
13939246,0
13940246,1
13941247,0
13942247,1
13943248,0
13944248,0
13945249,1
13946249,1
13947250,0
13948250,1
13949251,0
13950251,0
13951252,0
13952252,0
13953253,0
13954253,2
13955254,1
13956254,1
13957255,0
13958255,1
13959256,1
13960256,0
13961257,0
13962257,0
13963258,1
13964258,0
13965259,0
13966259,0
13967260,0
13968260,0
13969261,0
13970261,0
13971262,1
13972262,1
13973263,1
13974263,1
13975264,0
13976264,0
13977265,1
13978265,2
13979266,0
13980266,0
13981267,1
13982267,1
13983268,1
13984268,0
13985269,1
13986269,0
13987270,1
13988270,0
13989271,0
13990271,2
13991272,0
13992272,1
13993273,0
13994273,0
13995274,0
13996274,1
13997275,0
13998275,0
13999276,0
14000276,0
14001277,0
14002277,1
14003278,0
14004278,2
14005279,0
14006279,0
14007280,1
14008280,2
14009281,0
14010281,0
14011282,1
14012282,0
14013283,0
14014283,1
14015284,0
14016284,0
14017285,0
14018285,2
14019286,0
14020286,0
14021287,0
14022287,0
14023288,0
14024288,0
14025289,0
14026289,1
14027290,1
14028290,2
14029291,1
14030291,1
14031292,0
14032292,0
14033293,0
14034293,1
14035294,1
14036294,1
14037295,0
14038295,0
14039296,1
14040296,1
14041297,0
14042297,0
14043298,0
14044298,0
14045299,0
14046299,1
14047300,0
14048300,1
14049301,0
14050301,0
14051302,0
14052302,0
14053303,0
14054303,1
14055304,2
14056304,1
14057305,0
14058305,0
14059306,0
14060306,0
14061307,0
14062307,0
14063308,0
14064308,0
14065309,0
14066309,2
14067310,0
14068310,0
14069311,0
14070311,0
14071312,0
14072312,1
14073313,0
14074313,0
14075314,1
14076314,0
14077315,0
14078315,0
14079316,0
14080316,2
14081317,1
14082317,0
14083318,0
14084318,0
14085319,1
14086319,0
14087320,0
14088320,0
14089321,1
14090321,0
14091322,0
14092322,1
14093323,0
14094323,0
14095324,1
14096324,0
14097325,1
14098325,0
14099326,0
14100326,0
14101327,0
14102327,0
14103328,1
14104328,0
14105329,0
14106329,2
14107330,0
14108330,0
14109331,0
14110331,1
14111332,2
14112332,0
14113333,0
14114333,0
14115334,0
14116334,2
14117335,0
14118335,2
14119336,0
14120336,0
14121337,3
14122337,0
14123338,1
14124338,0
14125339,0
14126339,1
14127340,0
14128340,0
14129341,0
14130341,1
14131342,0
14132342,1
14133343,1
14134343,0
14135344,0
14136344,0
14137345,0
14138345,0
14139346,1
14140346,0
14141347,0
14142347,0
14143348,1
14144348,0
14145349,0
14146349,2
14147350,1
14148350,0
14149351,0
14150351,2
14151352,2
14152352,1
14153353,1
14154353,1
14155354,0
14156354,0
14157355,0
14158355,2
14159356,2
14160356,0
14161357,2
14162357,1
14163358,0
14164358,2
14165359,0
14166359,0
14167360,0
14168360,0
14169361,0
14170361,0
14171362,0
14172362,0
14173363,0
14174363,0
14175364,1
14176364,0
14177365,0
14178365,1
14179366,0
14180366,0
14181367,0
14182367,0
14183368,0
14184368,0
14185369,1
14186369,0
14187370,1
14188370,1
14189371,0
14190371,0
14191372,0
14192372,0
14193373,0
14194373,1
14195374,0
14196374,0
14197375,0
14198375,1
14199376,1
14200376,0
14201377,0
14202377,0
14203378,0
14204378,0
14205379,0
14206379,1
14207380,2
14208380,0
14209381,0
14210381,1
14211382,1
14212382,0
14213383,0
14214383,0
14215384,0
14216384,1
14217385,0
14218385,0
14219386,0
14220386,1
14221387,2
14222387,1
14223388,0
14224388,0
14225389,0
14226389,0
14227390,0
14228390,1
14229391,0
14230391,0
14231392,0
14232392,1
14233393,0
14234393,0
14235394,0
14236394,1
14237395,0
14238395,1
14239396,1
14240396,1
14241397,1
14242397,0
14243398,0
14244398,0
14245399,1
14246399,0
14247400,0
14248400,0
14249401,1
14250401,2
14251402,1
14252402,0
14253403,0
14254403,0
14255404,0
14256404,0
14257405,1
14258405,0
14259406,0
14260406,0
14261407,0
14262407,0
14263408,0
14264408,0
14265409,0
14266409,1
14267410,0
14268410,1
14269411,0
14270411,2
14271412,0
14272412,0
14273413,1
14274413,1
14275414,2
14276414,0
14277415,2
14278415,0
14279416,1
14280416,1
14281417,0
14282417,0
14283418,1
14284418,0
14285419,0
14286419,0
14287420,1
14288420,0
14289421,0
14290421,0
14291422,0
14292422,0
14293423,0
14294423,1
14295424,1
14296424,0
14297425,0
14298425,1
14299426,1
14300426,1
14301427,1
14302427,0
14303428,1
14304428,0
14305429,0
14306429,0
14307430,1
14308430,0
14309431,0
14310431,1
14311432,0
14312432,1
14313433,1
14314433,0
14315434,2
14316434,0
14317435,0
14318435,0
14319436,0
14320436,0
14321437,0
14322437,0
14323438,0
14324438,3
14325439,0
14326439,1
14327440,0
14328440,0
14329441,0
14330441,0
14331442,3
14332442,0
14333443,0
14334443,0
14335444,0
14336444,0
14337445,0
14338445,0
14339446,0
14340446,0
14341447,1
14342447,1
14343448,0
14344448,0
14345449,0
14346449,0
14347450,1
14348450,0
14349451,1
14350451,1
14351452,0
14352452,1
14353453,0
14354453,0
14355454,0
14356454,0
14357455,0
14358455,0
14359456,1
14360456,0
14361457,1
14362457,0
14363458,1
14364458,0
14365459,0
14366459,0
14367460,0
14368460,0
14369461,1
14370461,0
14371462,0
14372462,1
14373463,0
14374463,0
14375464,1
14376464,0
14377465,0
14378465,1
14379466,0
14380466,0
14381467,0
14382467,0
14383468,0
14384468,0
14385469,0
14386469,0
14387470,0
14388470,0
14389471,0
14390471,0
14391472,0
14392472,0
14393473,0
14394473,0
14395474,1
14396474,0
14397475,0
14398475,1
14399476,0
14400476,2
14401477,0
14402477,0
14403478,0
14404478,1
14405479,1
14406479,0
14407480,1
14408480,0
14409481,2
14410481,0
14411482,0
14412482,0
14413483,0
14414483,2
14415484,0
14416484,0
14417485,0
14418485,0
14419486,2
14420486,0
14421487,0
14422487,0
14423488,1
14424488,0
14425489,0
14426489,0
14427490,0
14428490,1
14429491,0
14430491,0
14431492,0
14432492,0
14433493,0
14434493,0
14435494,0
14436494,0
14437495,0
14438495,1
14439496,0
14440496,0
14441497,1
14442497,0
14443498,1
14444498,0
14445499,0
14446499,0
14447500,0
14448500,1
14449501,0
14450501,0
14451502,0
14452502,0
14453503,0
14454503,0
14455504,0
14456504,0
14457505,0
14458505,1
14459506,0
14460506,0
14461507,0
14462507,0
14463508,0
14464508,0
14465509,0
14466509,0
14467510,0
14468510,0
14469511,1
14470511,0
14471512,0
14472512,0
14473513,0
14474513,1
14475514,0
14476514,1
14477515,0
14478515,0
14479516,0
14480516,1
14481517,0
14482517,0
14483518,0
14484518,1
14485519,0
14486519,1
14487520,0
14488520,0
14489521,0
14490521,1
14491522,0
14492522,1
14493523,2
14494523,1
14495524,0
14496524,0
14497525,0
14498525,0
14499526,0
14500526,0
14501527,3
14502527,4
14503528,1
14504528,2
14505529,1
14506529,2
14507530,1
14508530,0
14509531,0
14510531,3
14511532,1
14512532,1
14513533,1
14514533,1
14515534,2
14516534,0
14517535,0
14518535,0
14519536,1
14520536,0
14521537,3
14522537,0
14523538,1
14524538,0
14525539,0
14526539,0
14527540,0
14528540,0
14529541,1
14530541,1
14531542,0
14532542,0
14533543,0
14534543,2
14535544,0
14536544,0
14537545,0
14538545,0
14539546,1
14540546,1
14541547,0
14542547,1
14543548,1
14544548,1
14545549,0
14546549,2
14547550,0
14548550,0
14549551,1
14550551,0
14551552,0
14552552,0
14553553,1
14554553,0
14555554,0
14556554,0
14557555,0
14558555,3
14559556,0
14560556,0
14561557,1
14562557,0
14563558,0
14564558,0
14565559,2
14566559,1
14567560,0
14568560,2
14569561,0
14570561,0
14571562,1
14572562,0
14573563,1
14574563,1
14575564,0
14576564,0
14577565,1
14578565,0
14579566,1
14580566,1
14581567,0
14582567,1
14583568,0
14584568,1
14585569,0
14586569,2
14587570,0
14588570,0
14589571,0
14590571,0
14591572,0
14592572,0
14593573,0
14594573,0
14595574,0
14596574,0
14597575,0
14598575,0
14599576,2
14600576,2
14601577,0
14602577,2
14603578,0
14604578,0
14605579,1
14606579,1
14607580,0
14608580,0
14609581,0
14610581,0
14611582,1
14612582,0
14613583,0
14614583,1
14615584,2
14616584,1
14617585,0
14618585,0
14619586,0
14620586,1
14621587,1
14622587,0
14623588,0
14624588,4
14625589,0
14626589,0
14627590,0
14628590,0
14629591,1
14630591,0
14631592,0
14632592,0
14633593,1
14634593,0
14635594,2
14636594,0
14637595,0
14638595,0
14639596,2
14640596,0
14641597,0
14642597,0
14643598,1
14644598,1
14645599,0
14646599,0
14647600,0
14648600,0
14649601,0
14650601,0
14651602,0
14652602,1
14653603,0
14654603,0
14655604,0
14656604,0
14657605,1
14658605,0
14659606,0
14660606,0
14661607,1
14662607,2
14663608,1
14664608,0
14665609,0
14666609,1
14667610,0
14668610,0
14669611,2
14670611,0
14671612,0
14672612,0
14673613,0
14674613,1
14675614,0
14676614,1
14677615,0
14678615,0
14679616,1
14680616,1
14681617,1
14682617,1
14683618,0
14684618,1
14685619,1
14686619,0
14687620,1
14688620,1
14689621,0
14690621,0
14691622,0
14692622,2
14693623,0
14694623,0
14695624,0
14696624,2
14697625,0
14698625,0
14699626,1
14700626,0
14701627,0
14702627,0
14703628,1
14704628,0
14705629,0
14706629,0
14707630,1
14708630,0
14709631,0
14710631,1
14711632,2
14712632,1
14713633,0
14714633,0
14715634,0
14716634,2
14717635,1
14718635,0
14719636,1
14720636,0
14721637,1
14722637,0
14723638,0
14724638,1
14725639,0
14726639,0
14727640,0
14728640,0
14729641,0
14730641,0
14731642,0
14732642,1
14733643,1
14734643,0
14735644,0
14736644,0
14737645,2
14738645,0
14739646,0
14740646,0
14741647,0
14742647,2
14743648,0
14744648,0
14745649,0
14746649,0
14747650,1
14748650,2
14749651,0
14750651,0
14751652,0
14752652,1
14753653,0
14754653,0
14755654,0
14756654,0
14757655,1
14758655,0
14759656,0
14760656,0
14761657,0
14762657,0
14763658,0
14764658,1
14765659,1
14766659,1
14767660,1
14768660,0
14769661,1
14770661,0
14771662,0
14772662,1
14773663,0
14774663,0
14775664,0
14776664,1
14777665,0
14778665,0
14779666,0
14780666,0
14781667,0
14782667,1
14783668,0
14784668,0
14785669,0
14786669,0
14787670,0
14788670,0
14789671,0
14790671,0
14791672,0
14792672,3
14793673,1
14794673,0
14795674,0
14796674,0
14797675,0
14798675,0
14799676,0
14800676,1
14801677,0
14802677,0
14803678,0
14804678,1
14805679,1
14806679,0
14807680,0
14808680,0
14809681,0
14810681,0
14811682,0
14812682,0
14813683,1
14814683,1
14815684,0
14816684,0
14817685,1
14818685,0
14819686,0
14820686,0
14821687,0
14822687,0
14823688,0
14824688,1
14825689,0
14826689,0
14827690,0
14828690,0
14829691,1
14830691,0
14831692,0
14832692,0
14833693,0
14834693,0
14835694,1
14836694,0
14837695,0
14838695,0
14839696,0
14840696,0
14841697,2
14842697,1
14843698,0
14844698,0
14845699,1
14846699,0
14847700,0
14848700,0
14849701,0
14850701,0
14851702,0
14852702,0
14853703,0
14854703,1
14855704,1
14856704,0
14857705,0
14858705,0
14859706,0
14860706,0
14861707,1
14862707,1
14863708,0
14864708,0
14865709,0
14866709,0
14867710,0
14868710,0
14869711,0
14870711,0
14871712,1
14872712,2
14873713,1
14874713,0
14875714,1
14876714,1
14877715,0
14878715,0
14879716,0
14880716,0
14881717,0
14882717,0
14883718,0
14884718,0
14885719,0
14886719,2
14887720,1
14888720,1
14889721,0
14890721,1
14891722,1
14892722,0
14893723,0
14894723,0
14895724,0
14896724,1
14897725,2
14898725,0
14899726,0
14900726,0
14901727,0
14902727,0
14903728,0
14904728,0
14905729,1
14906729,2
14907730,0
14908730,1
14909731,1
14910731,2
14911732,0
14912732,1
14913733,0
14914733,0
14915734,0
14916734,1
14917735,1
14918735,2
14919736,2
14920736,0
14921737,0
14922737,1
14923738,0
14924738,0
14925739,0
14926739,0
14927740,1
14928740,0
14929741,1
14930741,0
14931742,1
14932742,0
14933743,0
14934743,0
14935744,0
14936744,4
14937745,2
14938745,1
14939746,0
14940746,1
14941747,2
14942747,0
14943748,0
14944748,0
14945749,0
14946749,0
14947750,0
14948750,0
14949751,0
14950751,0
14951752,1
14952752,0
14953753,1
14954753,0
14955754,1
14956754,1
14957755,0
14958755,0
14959756,1
14960756,0
14961757,0
14962757,1
14963758,0
14964758,0
14965759,0
14966759,1
14967760,0
14968760,0
14969761,1
14970761,0
14971762,1
14972762,0
14973763,0
14974763,0
14975764,0
14976764,0
14977765,0
14978765,1
14979766,0
14980766,0
14981767,0
14982767,0
14983768,0
14984768,0
14985769,0
14986769,0
14987770,0
14988770,0
14989771,2
14990771,0
14991772,0
14992772,0
14993773,0
14994773,0
14995774,0
14996774,2
14997775,0
14998775,1
14999776,0
15000776,1
15001777,0
15002777,0
15003778,1
15004778,2
15005779,1
15006779,0
15007780,1
15008780,1
15009781,0
15010781,2
15011782,1
15012782,0
15013783,0
15014783,0
15015784,0
15016784,2
15017785,2
15018785,0
15019786,0
15020786,0
15021787,0
15022787,0
15023788,0
15024788,0
15025789,0
15026789,0
15027790,2
15028790,0
15029791,1
15030791,1
15031792,0
15032792,0
15033793,0
15034793,0
15035794,1
15036794,1
15037795,1
15038795,1
15039796,0
15040796,1
15041797,3
15042797,0
15043798,0
15044798,0
15045799,0
15046799,0
15047800,0
15048800,0
15049801,0
15050801,0
15051802,0
15052802,1
15053803,0
15054803,0
15055804,0
15056804,1
15057805,0
15058805,1
15059806,0
15060806,1
15061807,0
15062807,0
15063808,0
15064808,1
15065809,0
15066809,0
15067810,0
15068810,0
15069811,1
15070811,0
15071812,1
15072812,0
15073813,0
15074813,0
15075814,0
15076814,0
15077815,0
15078815,0
15079816,0
15080816,0
15081817,0
15082817,1
15083818,0
15084818,1
15085819,0
15086819,1
15087820,0
15088820,1
15089821,0
15090821,0
15091822,0
15092822,0
15093823,0
15094823,0
15095824,0
15096824,0
15097825,0
15098825,0
15099826,0
15100826,1
15101827,4
15102827,0
15103828,0
15104828,0
15105829,0
15106829,1
15107830,0
15108830,1
15109831,1
15110831,0
15111832,0
15112832,2
15113833,0
15114833,1
15115834,0
15116834,1
15117835,1
15118835,0
15119836,0
15120836,0
15121837,0
15122837,0
15123838,0
15124838,0
15125839,0
15126839,0
15127840,0
15128840,0
15129841,0
15130841,0
15131842,0
15132842,0
15133843,0
15134843,0
15135844,0
15136844,0
15137845,0
15138845,1
15139846,1
15140846,1
15141847,0
15142847,1
15143848,0
15144848,0
15145849,1
15146849,0
15147850,1
15148850,0
15149851,2
15150851,1
15151852,1
15152852,0
15153853,0
15154853,1
15155854,0
15156854,1
15157855,0
15158855,0
15159856,1
15160856,0
15161857,0
15162857,2
15163858,1
15164858,0
15165859,1
15166859,0
15167860,1
15168860,1
15169861,0
15170861,0
15171862,1
15172862,0
15173863,0
15174863,0
15175864,0
15176864,1
15177865,0
15178865,2
15179866,0
15180866,0
15181867,0
15182867,0
15183868,0
15184868,1
15185869,0
15186869,2
15187870,0
15188870,1
15189871,0
15190871,1
15191872,1
15192872,0
15193873,0
15194873,1
15195874,0
15196874,0
15197875,0
15198875,0
15199876,0
15200876,1
15201877,0
15202877,0
15203878,0
15204878,0
15205879,0
15206879,2
15207880,0
15208880,2
15209881,0
15210881,1
15211882,2
15212882,0
15213883,1
15214883,0
15215884,0
15216884,1
15217885,0
15218885,1
15219886,0
15220886,0
15221887,4
15222887,1
15223888,2
15224888,1
15225889,0
15226889,0
15227890,2
15228890,0
15229891,0
15230891,0
15231892,0
15232892,1
15233893,0
15234893,2
15235894,0
15236894,1
15237895,0
15238895,0
15239896,0
15240896,0
15241897,0
15242897,0
15243898,0
15244898,0
15245899,2
15246899,0
15247900,0
15248900,1
15249901,0
15250901,1
15251902,0
15252902,1
15253903,1
15254903,3
15255904,0
15256904,0
15257905,0
15258905,0
15259906,0
15260906,1
15261907,0
15262907,0
15263908,0
15264908,2
15265909,0
15266909,1
15267910,0
15268910,0
15269911,1
15270911,0
15271912,0
15272912,1
15273913,0
15274913,0
15275914,1
15276914,1
15277915,0
15278915,0
15279916,1
15280916,1
15281917,1
15282917,1
15283918,0
15284918,0
15285919,0
15286919,0
15287920,0
15288920,0
15289921,0
15290921,0
15291922,0
15292922,1
15293923,0
15294923,2
15295924,0
15296924,0
15297925,0
15298925,2
15299926,0
15300926,0
15301927,0
15302927,0
15303928,1
15304928,0
15305929,0
15306929,0
15307930,0
15308930,0
15309931,0
15310931,0
15311932,0
15312932,1
15313933,1
15314933,0
15315934,0
15316934,0
15317935,2
15318935,0
15319936,0
15320936,0
15321937,0
15322937,2
15323938,0
15324938,0
15325939,0
15326939,0
15327940,0
15328940,1
15329941,0
15330941,1
15331942,1
15332942,0
15333943,0
15334943,0
15335944,0
15336944,1
15337945,0
15338945,0
15339946,0
15340946,0
15341947,0
15342947,1
15343948,0
15344948,1
15345949,0
15346949,0
15347950,2
15348950,1
15349951,0
15350951,0
15351952,1
15352952,1
15353953,0
15354953,2
15355954,1
15356954,0
15357955,0
15358955,1
15359956,0
15360956,3
15361957,1
15362957,0
15363958,0
15364958,1
15365959,0
15366959,1
15367960,0
15368960,0
15369961,3
15370961,1
15371962,0
15372962,0
15373963,0
15374963,0
15375964,1
15376964,1
15377965,0
15378965,0
15379966,1
15380966,0
15381967,0
15382967,1
15383968,0
15384968,0
15385969,0
15386969,0
15387970,0
15388970,0
15389971,0
15390971,0
15391972,0
15392972,0
15393973,0
15394973,0
15395974,2
15396974,1
15397975,1
15398975,1
15399976,0
15400976,0
15401977,0
15402977,1
15403978,0
15404978,0
15405979,1
15406979,0
15407980,1
15408980,0
15409981,0
15410981,1
15411982,1
15412982,0
15413983,3
15414983,1
15415984,0
15416984,0
15417985,0
15418985,0
15419986,1
15420986,1
15421987,1
15422987,1
15423988,0
15424988,1
15425989,0
15426989,0
15427990,1
15428990,2
15429991,1
15430991,1
15431992,0
15432992,0
15433993,0
15434993,0
15435994,0
15436994,0
15437995,0
15438995,0
15439996,2
15440996,0
15441997,2
15442997,1
15443998,0
15444998,0
15445999,0
15446999,2
15448000,3
15449000,0
15450001,0
15451001,0
15452002,0
15453002,0
15454003,1
15455003,1
15456004,0
15457004,0
15458005,2
15459005,0
15460006,0
15461006,0
15462007,2
15463007,0
15464008,0
15465008,1
15466009,2
15467009,1
15468010,1
15469010,0
15470011,1
15471011,0
15472012,0
15473012,0
15474013,0
15475013,0
15476014,1
15477014,0
15478015,1
15479015,1
15480077,0
15481077,0
15482078,0
15483078,1
15484079,1
15485079,1
15486080,1
15487080,0
15488081,0
15489081,0
15490082,0
15491082,1
15492083,0
15493083,1
15494084,1
15495084,1
15496085,0
15497085,0
15498086,0
15499086,1
15500087,0
15501087,2
15502088,0
15503088,0
15504089,1
15505089,2
15506090,0
15507090,0
15508091,0
15509091,0
15510092,1
15511092,0
15512093,1
15513093,0
15514094,0
15515094,0
15516095,0
15517095,0
15518096,0
15519096,0
15520097,0
15521097,0
15522098,0
15523098,0
15524099,0
15525099,1
15526100,2
15527100,2
15528101,0
15529101,0
15530102,1
15531102,0
15532103,0
15533103,0
15534104,0
15535104,0
15536105,0
15537105,0
15538106,2
15539106,2
15540107,0
15541107,0
15542108,0
15543108,0
15544109,0
15545109,0
15546110,0
15547110,5
15548111,1
15549111,2
15550112,0
15551112,0
15552113,1
15553113,0
15554114,0
15555114,0
15556115,0
15557115,0
15558116,0
15559116,0
15560117,1
15561117,0
15562118,1
15563118,0
15564119,0
15565119,0
15566120,0
15567120,1
15568121,0
15569121,1
15570122,0
15571122,0
15572123,0
15573123,0
15574124,1
15575124,0
15576125,0
15577125,0
15578126,1
15579126,1
15580127,0
15581127,2
15582128,1
15583128,0
15584129,0
15585129,0
15586130,0
15587130,0
15588131,1
15589131,1
15590132,1
15591132,0
15592133,0
15593133,1
15594134,5
15595134,0
15596135,0
15597135,1
15598136,0
15599136,0
15600164,0
15601164,0
15602165,0
15603165,0
15604166,0
15605166,0
15606167,1
15607167,0
15608168,0
15609168,1
15610169,0
15611169,0
15612170,0
15613170,0
15614171,0
15615171,0
15616172,1
15617172,1
15618173,1
15619173,0
15620174,0
15621174,0
15622175,0
15623175,0
15624176,1
15625176,0
15626177,0
15627177,0
15628178,0
15629178,0
15630179,0
15631179,0
15632180,1
15633180,2
15634181,0
15635181,0
15636182,2
15637182,1
15638183,0
15639183,1
15640184,0
15641184,2
15642185,1
15643185,3
15644186,1
15645186,0
15646187,1
15647187,0
15648188,0
15649188,0
15650189,2
15651189,1
15652190,0
15653190,0
15654191,1
15655191,0
15656192,1
15657192,0
15658193,1
15659193,0
15660194,0
15661194,0
15662195,2
15663195,0
15664196,0
15665196,0
15666197,2
15667197,0
15668198,0
15669198,0
15670199,0
15671199,0
15672200,0
15673200,0
15674201,0
15675201,0
15676202,0
15677202,1
15678203,1
15679203,0
15680204,0
15681204,1
15682205,0
15683205,0
15684206,0
15685206,0
15686207,1
15687207,0
15688208,0
15689208,0
15690209,0
15691209,1
15692210,0
15693210,0
15694211,1
15695211,0
15696212,0
15697212,2
15698213,0
15699213,0
15700214,0
15701214,1
15702215,0
15703215,0
15704216,0
15705216,1
15706217,1
15707217,0
15708218,0
15709218,0
15710219,2
15711219,1
15712220,1
15713220,2
15714221,0
15715221,1
15716222,1
15717222,2
15718223,0
15719223,0
15720224,0
15721224,0
15722225,0
15723225,0
15724226,2
15725226,0
15726227,0
15727227,0
15728228,1
15729228,0
15730229,0
15731229,1
15732230,1
15733230,0
15734231,0
15735231,0
15736232,1
15737232,0
15738233,0
15739233,0
15740234,0
15741234,0
15742235,0
15743235,1
15744236,1
15745236,0
15746237,0
15747237,2
15748238,0
15749238,0
15750239,0
15751239,0
15752240,0
15753240,1
15754241,0
15755241,0
15756242,1
15757242,0
15758243,1
15759243,0
15760244,0
15761244,0
15762245,0
15763245,2
15764246,2
15765246,0
15766247,1
15767247,2
15768248,0
15769248,0
15770249,0
15771249,0
15772250,0
15773250,0
15774251,0
15775251,0
15776252,0
15777252,0
15778253,1
15779253,1
15780254,0
15781254,0
15782255,0
15783255,1
15784256,0
15785256,0
15786257,0
15787257,0
15788258,1
15789258,0
15790259,1
15791259,0
15792260,0
15793260,0
15794261,0
15795261,1
15796262,0
15797262,1
15798263,1
15799263,0
15800264,0
15801264,0
15802265,0
15803265,0
15804266,2
15805266,1
15806267,1
15807267,0
15808268,0
15809268,1
15810269,0
15811269,1
15812270,0
15813270,1
15814271,0
15815271,0
15816272,0
15817272,2
15818273,0
15819273,1
15820274,1
15821274,1
15822275,0
15823275,0
15824276,0
15825276,1
15826277,1
15827277,3
15828278,1
15829278,0
15830279,1
15831279,0
15832280,0
15833280,0
15834281,0
15835281,0
15836282,1
15837282,0
15838283,0
15839283,1
15840284,0
15841284,1
15842285,0
15843285,0
15844286,1
15845286,1
15846287,0
15847287,1
15848288,2
15849288,0
15850289,1
15851289,0
15852290,0
15853290,0
15854291,0
15855291,0
15856292,0
15857292,1
15858293,0
15859293,1
15860294,1
15861294,0
15862295,0
15863295,0
15864296,0
15865296,1
15866297,0
15867297,0
15868298,0
15869298,1
15870299,2
15871299,3
15872300,2
15873300,1
15874301,1
15875301,2
15876302,0
15877302,1
15878303,1
15879303,2
15880304,0
15881304,1
15882305,0
15883305,0
15884306,0
15885306,0
15886307,0
15887307,0
15888308,0
15889308,0
15890309,0
15891309,0
15892310,0
15893310,2
15894311,0
15895311,0
15896312,0
15897312,3
15898313,1
15899313,0
15900314,0
15901314,0
15902315,0
15903315,1
15904316,2
15905316,1
15906317,0
15907317,0
15908318,0
15909318,0
15910319,0
15911319,0
15912320,0
15913320,0
15914321,0
15915321,1
15916322,0
15917322,1
15918323,0
15919323,0
15920324,2
15921324,0
15922325,0
15923325,1
15924326,0
15925326,0
15926327,1
15927327,0
15928328,0
15929328,0
15930329,2
15931329,0
15932330,0
15933330,1
15934331,0
15935331,2
15936332,0
15937332,0
15938333,0
15939333,0
15940334,0
15941334,0
15942335,0
15943335,0
15944336,0
15945336,2
15946337,0
15947337,2
15948338,0
15949338,2
15950339,0
15951339,0
15952340,0
15953340,1
15954341,0
15955341,2
15956342,0
15957342,0
15958343,1
15959343,0
15960344,0
15961344,0
15962345,0
15963345,0
15964346,0
15965346,0
15966347,0
15967347,0
15968348,0
15969348,1
15970349,1
15971349,1
15972350,1
15973350,0
15974351,0
15975351,0
15976352,1
15977352,1
15978353,1
15979353,3
15980354,0
15981354,0
15982355,0
15983355,1
15984356,0
15985356,0
15986357,2
15987357,0
15988358,1
15989358,1
15990359,0
15991359,1
15992360,2
15993360,1
15994361,2
15995361,2
15996362,2
15997362,0
15998363,0
15999363,0
16000364,0
16001364,2
16002365,0
16003365,0
16004366,0
16005366,0
16006367,1
16007367,0
16008368,0
16009368,1
16010369,1
16011369,1
16012370,0
16013370,0
16014371,0
16015371,0
16016372,0
16017372,0
16018373,1
16019373,0
16020374,2
16021374,0
16022375,2
16023375,0
16024376,1
16025376,1
16026377,0
16027377,0
16028378,0
16029378,0
16030379,0
16031379,0
16032380,1
16033380,0
16034381,0
16035381,0
16036382,1
16037382,0
16038383,0
16039383,0
16040384,1
16041384,0
16042385,1
16043385,0
16044386,1
16045386,0
16046387,1
16047387,1
16048388,0
16049388,1
16050389,1
16051389,0
16052390,0
16053390,1
16054391,1
16055391,0
16056392,0
16057392,1
16058393,0
16059393,0
16060394,0
16061394,0
16062395,0
16063395,0
16064396,0
16065396,0
16066397,1
16067397,1
16068398,0
16069398,0
16070399,0
16071399,0
16072400,0
16073400,0
16074401,0
16075401,0
16076402,0
16077402,0
16078403,0
16079403,0
16080404,0
16081404,0
16082405,0
16083405,0
16084406,1
16085406,0
16086407,0
16087407,0
16088408,0
16089408,0
16090409,1
16091409,1
16092410,1
16093410,1
16094411,1
16095411,2
16096412,2
16097412,0
16098413,0
16099413,0
16100414,1
16101414,0
16102415,0
16103415,0
16104416,1
16105416,0
16106417,0
16107417,0
16108418,1
16109418,0
16110419,0
16111419,0
16112420,2
16113420,0
16114421,0
16115421,0
16116422,0
16117422,1
16118423,1
16119423,0
16120424,0
16121424,0
16122425,1
16123425,1
16124426,0
16125426,1
16126427,0
16127427,0
16128428,0
16129428,0
16130429,0
16131429,0
16132430,0
16133430,0
16134431,1
16135431,1
16136432,0
16137432,0
16138433,1
16139433,1
16140434,0
16141434,0
16142435,0
16143435,0
16144436,0
16145436,0
16146437,0
16147437,0
16148438,1
16149438,0
16150439,0
16151439,0
16152440,0
16153440,0
16154441,1
16155441,1
16156442,0
16157442,0
16158443,1
16159443,0
16160444,1
16161444,0
16162445,0
16163445,0
16164446,1
16165446,0
16166447,0
16167447,0
16168448,1
16169448,0
16170449,1
16171449,1
16172450,0
16173450,1
16174451,0
16175451,0
16176452,0
16177452,2
16178453,1
16179453,1
16180454,0
16181454,0
16182455,1
16183455,0
16184456,0
16185456,0
16186457,0
16187457,1
16188458,0
16189458,1
16190459,0
16191459,0
16192460,1
16193460,1
16194461,0
16195461,0
16196462,2
16197462,0
16198463,0
16199463,0
16200464,0
16201464,2
16202465,1
16203465,0
16204466,0
16205466,0
16206467,0
16207467,0
16208468,0
16209468,0
16210469,0
16211469,0
16212470,0
16213470,1
16214471,0
16215471,1
16216472,0
16217472,0
16218473,0
16219473,0
16220474,4
16221474,0
16222475,1
16223475,0
16224476,0
16225476,0
16226477,0
16227477,1
16228478,0
16229478,1
16230479,2
16231479,0
16232480,0
16233480,0
16234481,1
16235481,1
16236482,0
16237482,0
16238483,1
16239483,1
16240484,0
16241484,0
16242485,1
16243485,1
16244486,0
16245486,1
16246487,1
16247487,0
16248488,0
16249488,0
16250489,0
16251489,1
16252490,0
16253490,1
16254491,0
16255491,0
16256492,0
16257492,0
16258493,0
16259493,0
16260494,0
16261494,1
16262495,0
16263495,0
16264496,0
16265496,0
16266497,1
16267497,0
16268498,0
16269498,1
16270499,0
16271499,1
16272500,0
16273500,0
16274501,1
16275501,1
16276502,1
16277502,1
16278503,1
16279503,0
16280504,0
16281504,0
16282505,0
16283505,1
16284506,0
16285506,0
16286507,0
16287507,1
16288508,0
16289508,0
16290509,1
16291509,0
16292510,0
16293510,1
16294511,1
16295511,1
16296512,0
16297512,0
16298513,0
16299513,0
16300514,1
16301514,0
16302515,0
16303515,0
16304516,0
16305516,0
16306517,0
16307517,0
16308518,2
16309518,0
16310519,0
16311519,1
16312520,1
16313520,0
16314521,2
16315521,0
16316522,0
16317522,0
16318523,0
16319523,0
16320524,0
16321524,2
16322525,1
16323525,0
16324526,0
16325526,0
16326527,0
16327527,0
16328528,1
16329528,0
16330529,0
16331529,0
16332530,0
16333530,0
16334531,0
16335531,1
16336532,1
16337532,1
16338533,0
16339533,0
16340534,0
16341534,0
16342535,0
16343535,0
16344536,0
16345536,0
16346537,1
16347537,1
16348538,2
16349538,2
16350539,1
16351539,0
16352540,0
16353540,0
16354541,1
16355541,0
16356542,0
16357542,0
16358543,0
16359543,0
16360544,1
16361544,2
16362545,0
16363545,0
16364546,0
16365546,0
16366547,1
16367547,0
16368548,0
16369548,0
16370549,1
16371549,1
16372550,2
16373550,0
16374551,0
16375551,0
16376552,0
16377552,0
16378553,0
16379553,0
16380554,1
16381554,0
16382555,0
16383555,0
16384556,0
16385556,0
16386557,0
16387557,2
16388558,0
16389558,1
16390559,0
16391559,0
16392560,0
16393560,0
16394561,0
16395561,0
16396562,1
16397562,0
16398563,0
16399563,0
16400564,1
16401564,0
16402565,1
16403565,1
16404566,2
16405566,0
16406567,1
16407567,0
16408568,0
16409568,0
16410569,1
16411569,1
16412570,0
16413570,0
16414571,0
16415571,2
16416572,1
16417572,2
16418573,0
16419573,0
16420574,0
16421574,0
16422575,1
16423575,1
16424576,0
16425576,0
16426577,0
16427577,0
16428578,0
16429578,0
16430579,0
16431579,3
16432580,0
16433580,1
16434581,0
16435581,0
16436582,0
16437582,1
16438583,0
16439583,0
16440584,0
16441584,0
16442585,0
16443585,0
16444586,0
16445586,0
16446587,0
16447587,0
16448588,0
16449588,0
16450589,1
16451589,1
16452590,0
16453590,1
16454591,0
16455591,1
16456592,0
16457592,0
16458593,0
16459593,1
16460594,0
16461594,0
16462595,0
16463595,1
16464596,0
16465596,0
16466597,0
16467597,0
16468598,2
16469598,0
16470599,0
16471599,0
16472600,2
16473600,4
16474601,0
16475601,2
16476602,0
16477602,0
16478603,0
16479603,1
16480604,0
16481604,0
16482605,0
16483605,0
16484606,1
16485606,0
16486607,0
16487607,1
16488608,4
16489608,0
16490609,1
16491609,0
16492610,0
16493610,0
16494611,0
16495611,0
16496612,0
16497612,0
16498613,2
16499613,0
16500614,0
16501614,2
16502615,0
16503615,1
16504616,0
16505616,0
16506617,1
16507617,0
16508618,0
16509618,2
16510619,1
16511619,1
16512620,0
16513620,0
16514621,2
16515621,0
16516622,0
16517622,1
16518623,1
16519623,1
16520624,0
16521624,0
16522625,0
16523625,0
16524626,1
16525626,1
16526627,0
16527627,0
16528628,0
16529628,0
16530629,0
16531629,0
16532630,0
16533630,0
16534631,0
16535631,1
16536632,1
16537632,2
16538633,3
16539633,0
16540634,0
16541634,0
16542635,1
16543635,0
16544636,0
16545636,1
16546637,0
16547637,0
16548638,0
16549638,0
16550639,0
16551639,1
16552640,0
16553640,1
16554641,0
16555641,1
16556642,0
16557642,1
16558643,0
16559643,2
16560644,0
16561644,0
16562645,0
16563645,0
16564646,0
16565646,2
16566647,0
16567647,0
16568648,0
16569648,0
16570649,0
16571649,0
16572650,1
16573650,0
16574651,0
16575651,1
16576652,0
16577652,0
16578653,1
16579653,1
16580654,0
16581654,0
16582655,0
16583655,0
16584656,0
16585656,1
16586657,0
16587657,0
16588658,1
16589658,0
16590659,1
16591659,0
16592660,1
16593660,1
16594661,0
16595661,1
16596662,0
16597662,1
16598663,1
16599663,0
16600664,0
16601664,0
16602665,0
16603665,0
16604666,0
16605666,0
16606667,1
16607667,0
16608668,0
16609668,0
16610669,0
16611669,2
16612670,0
16613670,0
16614671,1
16615671,0
16616672,0
16617672,0
16618673,0
16619673,0
16620674,2
16621674,0
16622675,1
16623675,0
16624676,0
16625676,0
16626677,0
16627677,0
16628678,0
16629678,0
16630679,0
16631679,0
16632680,1
16633680,0
16634681,1
16635681,2
16636682,0
16637682,0
16638683,0
16639683,2
16640684,2
16641684,0
16642685,1
16643685,0
16644686,1
16645686,1
16646687,2
16647687,1
16648688,0
16649688,2
16650689,0
16651689,2
16652690,0
16653690,1
16654691,0
16655691,0
16656692,1
16657692,0
16658693,0
16659693,0
16660694,0
16661694,0
16662695,0
16663695,0
16664696,1
16665696,0
16666697,2
16667697,0
16668698,0
16669698,0
16670699,1
16671699,1
16672700,1
16673700,0
16674701,0
16675701,0
16676702,0
16677702,0
16678703,1
16679703,1
16680704,0
16681704,0
16682705,0
16683705,2
16684706,0
16685706,0
16686707,0
16687707,0
16688708,0
16689708,0
16690709,0
16691709,0
16692710,0
16693710,2
16694711,1
16695711,1
16696712,0
16697712,0
16698713,0
16699713,1
16700714,1
16701714,0
16702715,0
16703715,2
16704716,1
16705716,3
16706717,0
16707717,0
16708718,0
16709718,1
16710719,1
16711719,0
16712720,2
16713720,1
16714721,1
16715721,0
16716722,1
16717722,0
16718723,1
16719723,0
16720724,2
16721724,0
16722725,0
16723725,1
16724726,0
16725726,1
16726727,1
16727727,0
16728728,0
16729728,1
16730729,0
16731729,0
16732730,0
16733730,0
16734731,0
16735731,1
16736732,1
16737732,0
16738733,0
16739733,0
16740734,0
16741734,0
16742735,0
16743735,0
16744736,0
16745736,0
16746737,0
16747737,0
16748738,0
16749738,1
16750739,0
16751739,1
16752740,0
16753740,0
16754741,2
16755741,0
16756742,0
16757742,0
16758743,0
16759743,1
16760744,4
16761744,2
16762745,0
16763745,0
16764746,2
16765746,0
16766747,0
16767747,0
16768748,0
16769748,1
16770749,0
16771749,0
16772750,0
16773750,0
16774751,0
16775751,1
16776752,1
16777752,1
16778753,0
16779753,0
16780754,1
16781754,0
16782755,0
16783755,0
16784756,0
16785756,1
16786757,0
16787757,0
16788758,0
16789758,0
16790759,0
16791759,0
16792760,0
16793760,0
16794761,0
16795761,0
16796762,0
16797762,1
16798763,0
16799763,1
16800764,0
16801764,5
16802765,0
16803765,2
16804766,3
16805766,0
16806767,1
16807767,1
16808768,0
16809768,0
16810769,0
16811769,0
16812770,0
16813770,2
16814771,0
16815771,2
16816772,0
16817772,0
16818773,0
16819773,0
16820774,1
16821774,0
16822775,0
16823775,1
16824776,1
16825776,0
16826777,0
16827777,0
16828778,0
16829778,0
16830779,0
16831779,2
16832780,1
16833780,1
16834781,2
16835781,1
16836782,0
16837782,0
16838783,0
16839783,1
16840784,0
16841784,0
16842785,0
16843785,0
16844786,1
16845786,0
16846787,0
16847787,0
16848788,0
16849788,0
16850789,0
16851789,0
16852790,0
16853790,0
16854791,0
16855791,0
16856792,0
16857792,0
16858793,0
16859793,0
16860794,0
16861794,0
16862795,1
16863795,3
16864796,0
16865796,0
16866797,2
16867797,0
16868798,1
16869798,0
16870799,0
16871799,1
16872800,0
16873800,0
16874801,0
16875801,0
16876802,0
16877802,2
16878803,1
16879803,1
16880804,0
16881804,1
16882805,0
16883805,0
16884806,1
16885806,2
16886807,2
16887807,2
16888808,0
16889808,0
16890809,0
16891809,2
16892810,1
16893810,0
16894811,0
16895811,0
16896812,2
16897812,0
16898813,0
16899813,0
16900814,0
16901814,0
16902815,0
16903815,3
16904816,0
16905816,0
16906817,1
16907817,0
16908818,0
16909818,0
16910819,1
16911819,0
16912820,1
16913820,0
16914821,0
16915821,0
16916822,0
16917822,0
16918823,0
16919823,0
16920824,0
16921824,1
16922825,0
16923825,1
16924826,1
16925826,1
16926827,1
16927827,0
16928828,1
16929828,0
16930829,0
16931829,0
16932830,2
16933830,0
16934831,0
16935831,0
16936832,0
16937832,0
16938833,0
16939833,0
16940834,1
16941834,0
16942835,0
16943835,1
16944836,0
16945836,0
16946837,0
16947837,1
16948838,0
16949838,1
16950839,1
16951839,0
16952840,1
16953840,0
16954841,0
16955841,0
16956842,2
16957842,1
16958843,0
16959843,2
16960844,1
16961844,1
16962845,0
16963845,0
16964846,0
16965846,0
16966847,0
16967847,1
16968848,0
16969848,0
16970849,1
16971849,0
16972850,0
16973850,0
16974851,3
16975851,0
16976852,0
16977852,0
16978853,0
16979853,1
16980854,1
16981854,0
16982855,2
16983855,0
16984856,1
16985856,0
16986857,1
16987857,0
16988858,0
16989858,0
16990859,0
16991859,0
16992860,0
16993860,1
16994861,2
16995861,1
16996862,0
16997862,2
16998863,1
16999863,1
17000864,0
17001864,0
17002865,0
17003865,0
17004866,1
17005866,3
17006867,0
17007867,0
17008868,0
17009868,0
17010869,0
17011869,0
17012870,0
17013870,0
17014871,1
17015871,1
17016872,0
17017872,0
17018873,0
17019873,1
17020874,2
17021874,1
17022875,1
17023875,0
17024876,0
17025876,1
17026877,0
17027877,1
17028878,0
17029878,1
17030879,1
17031879,0
17032880,0
17033880,0
17034881,0
17035881,2
17036882,1
17037882,0
17038883,0
17039883,1
17040884,0
17041884,1
17042885,3
17043885,1
17044886,0
17045886,2
17046887,0
17047887,0
17048888,0
17049888,0
17050889,0
17051889,0
17052890,0
17053890,0
17054891,1
17055891,0
17056892,1
17057892,1
17058893,1
17059893,0
17060894,1
17061894,0
17062895,1
17063895,0
17064896,0
17065896,0
17066897,1
17067897,1
17068898,1
17069898,2
17070899,2
17071899,2
17072900,0
17073900,0
17074901,0
17075901,2
17076902,2
17077902,0
17078903,1
17079903,0
17080904,0
17081904,1
17082905,0
17083905,0
17084906,0
17085906,0
17086907,0
17087907,0
17088908,0
17089908,0
17090909,0
17091909,0
17092910,1
17093910,0
17094911,0
17095911,0
17096912,0
17097912,0
17098913,1
17099913,2
17100914,0
17101914,0
17102915,0
17103915,0
17104916,0
17105916,0
17106917,1
17107917,0
17108918,0
17109918,0
17110919,0
17111919,0
17112920,0
17113920,0
17114921,0
17115921,1
17116922,0
17117922,1
17118923,0
17119923,0
17120924,0
17121924,1
17122925,0
17123925,0
17124926,1
17125926,0
17126927,0
17127927,1
17128928,1
17129928,1
17130929,1
17131929,0
17132930,0
17133930,0
17134931,0
17135931,0
17136932,1
17137932,0
17138933,0
17139933,1
17140934,1
17141934,1
17142935,0
17143935,0
17144936,1
17145936,0
17146937,0
17147937,0
17148938,1
17149938,0
17150939,0
17151939,0
17152940,1
17153940,3
17154941,0
17155941,0
17156942,0
17157942,0
17158943,0
17159943,1
17160944,0
17161944,1
17162945,0
17163945,0
17164946,0
17165946,0
17166947,0
17167947,0
17168948,1
17169948,0
17170949,1
17171949,0
17172950,0
17173950,3
17174951,0
17175951,0
17176952,0
17177952,0
17178953,1
17179953,0
17180954,0
17181954,0
17182955,0
17183955,1
17184956,0
17185956,0
17186957,1
17187957,1
17188958,0
17189958,2
17190959,0
17191959,0
17192960,0
17193960,1
17194961,0
17195961,2
17196962,0
17197962,1
17198963,1
17199963,1
17200964,0
17201964,0
17202965,0
17203965,1
17204966,0
17205966,2
17206967,0
17207967,0
17208968,1
17209968,0
17210969,1
17211969,1
17212970,1
17213970,0
17214971,1
17215971,0
17216972,1
17217972,2
17218973,2
17219973,0
17220974,1
17221974,1
17222975,0
17223975,0
17224976,0
17225976,0
17226977,1
17227977,1
17228978,0
17229978,1
17230979,2
17231979,0
17232980,0
17233980,0
17234981,1
17235981,0
17236982,0
17237982,1
17238983,1
17239983,0
17240984,0
17241984,2
17242985,2
17243985,1
17244986,1
17245986,2
17246987,0
17247987,0
17248988,1
17249988,2
17250989,0
17251989,1
17252990,0
17253990,0
17254991,1
17255991,0
17256992,0
17257992,1
17258993,0
17259993,0
17260994,0
17261994,1
17262995,1
17263995,2
17264996,0
17265996,0
17266997,0
17267997,2
17268998,0
17269998,0
17270999,1
17271999,0
17273000,0
17274000,0
17275001,1
17276001,1
17277002,0
17278002,0
17279003,0
17280003,0
17281004,0
17282004,0
17283005,0
17284005,0
17285006,1
17286006,0
17287007,3
17288007,0
17289008,0
17290008,0
17291009,1
17292009,0
17293010,1
17294010,0
17295011,0
17296011,0
17297012,0
17298012,0
17299013,1
17300013,0
17301014,0
17302014,0
17303015,0
17304015,1
17305016,0
17306016,0
17307017,3
17308017,1
17309018,0
17310060,0
17311060,0
17312060,0
17313060,0
17314060,2
17315060,0
17316060,1
17317060,0
17318060,0
17319060,0
17320060,1
17321060,1
17322060,0
17323060,0
17324060,0
17325060,1
17326060,0
17327060,0
17328060,0
17329060,0
17330060,1
17331060,0
17332060,0
17333060,1
17334060,1
17335060,0
17336060,1
17337060,1
17338060,1
17339060,0
17340071,0
17341071,3
17342071,0
17343071,4
17344071,0
17345071,1
17346071,1
17347071,1
17348071,0
17349071,0
17350071,0
17351071,0
17352071,1
17353071,1
17354071,0
17355071,0
17356071,0
17357071,1
17358071,0
17359071,0
17360071,0
17361071,0
17362071,0
17363071,1
17364071,0
17365071,2
17366071,0
17367071,0
17368071,3
17369071,0
17370074,0
17371074,0
17372074,0
17373074,0
17374074,0
17375074,1
17376074,0
17377074,1
17378074,0
17379074,0
17380074,0
17381074,0
17382074,1
17383074,0
17384074,1
17385074,2
17386074,0
17387074,0
17388074,0
17389074,0
17390074,0
17391074,0
17392074,0
17393074,0
17394074,0
17395074,0
17396074,0
17397074,1
17398074,0
17399074,0
17400074,1
17401074,1
17402074,0
17403074,1
17404074,0
17405074,0
17406074,0
17407074,0
17408074,0
17409074,0
17410074,0
17411074,0
17412074,1
17413074,0
17414074,0
17415074,0
17416074,1
17417074,0
17418074,0
17419074,0
17420074,0
17421074,0
17422074,1
17423075,3
17424075,0
17425076,0
17426076,1
17427077,0
17428077,5
17429078,0
17430079,0
17431079,1
17432079,0
17433080,1
17434080,0
17435081,0
17436081,0
17437082,1
17438082,2
17439083,0
17440083,3
17441084,0
17442084,0
17443085,0
17444085,1
17445086,0
17446086,2
17447087,0
17448087,0
17449088,0
17450088,0
17451089,1
17452089,3
17453090,0
17454090,1
17455091,1
17456091,0
17457092,0
17458092,2
17459093,1
17460093,1
17461094,0
17462094,0
17463095,1
17464095,0
17465096,0
17466096,0
17467097,0
17468097,1
17469098,2
17470098,0
17471099,0
17472099,3
17473100,0
17474100,0
17475101,0
17476101,2
17477102,0
17478102,0
17479103,0
17480103,0
17481104,3
17482104,0
17483105,0
17484105,0
17485106,0
17486106,2
17487107,0
17488107,0
17489108,0
17490108,0
17491109,1
17492109,2
17493110,0
17494110,0
17495111,0
17496111,0
17497112,0
17498112,0
17499113,0
17500113,0
17501114,2
17502114,0
17503115,1
17504115,0
17505116,0
17506116,0
17507117,1
17508117,0
17509118,0
17510118,0
17511119,0
17512119,0
17513120,1
17514120,0
17515121,0
17516121,1
17517122,0
17518122,0
17519123,0
17520216,1
17521216,0
17522216,0
17523216,0
17524216,0
17525216,0
17526216,0
17527216,0
17528216,0
17529216,1
17530216,0
17531216,0
17532216,1
17533216,1
17534216,0
17535216,0
17536216,0
17537216,0
17538216,0
17539216,1
17540216,0
17541216,2
17542216,0
17543216,1
17544216,0
17545216,0
17546216,1
17547216,0
17548216,0
17549216,2
17550216,1
17551216,1
17552216,1
17553216,1
17554216,0
17555216,1
17556216,0
17557216,1
17558216,1
17559216,0
17560216,1
17561216,0
17562216,1
17563216,0
17564216,0
17565216,1
17566216,0
17567216,0
17568216,0
17569216,0
17570216,1
17571216,0
17572216,0
17573216,2
17574216,4
17575216,0
17576216,1
17577216,1
17578216,0
17579216,0
17580216,0
17581216,2
17582216,0
17583216,0
17584216,2
17585216,0
17586216,0
17587216,0
17588216,0
17589216,1
17590216,0
17591216,0
17592216,0
17593216,0
17594216,0
17595216,0
17596216,0
17597216,1
17598216,0
17599216,0
17600216,0
17601216,0
17602216,1
17603216,0
17604216,0
17605216,0
17606216,0
17607216,0
17608216,0
17609216,0
17610216,0
17611216,0
17612216,0
17613216,2
17614216,1
17615216,0
17616216,1
17617216,0
17618216,0
17619216,1
17620216,1
17621216,0
17622216,0
17623216,0
17624216,0
17625216,0
17626216,1
17627216,1
17628216,0
17629216,0
17630216,0
17631216,1
17632216,0
17633216,0
17634216,0
17635216,0
17636216,2
17637216,1
17638216,0
17639216,0
17640216,0
17641216,0
17642216,0
17643216,0
17644216,0
17645216,0
17646216,0
17647216,1
17648216,2
17649216,0
17650216,0
17651216,2
17652216,1
17653216,2
17654216,1
17655216,1
17656216,0
17657216,1
17658216,0
17659216,0
17660216,0
17661216,0
17662216,0
17663216,0
17664216,1
17665216,1
17666216,0
17667216,0
17668216,0
17669216,0
17670216,1
17671216,0
17672216,0
17673216,1
17674216,0
17675216,0
17676216,1
17677216,0
17678216,2
17679216,0
17680216,0
17681216,0
17682216,0
17683216,0
17684216,0
17685216,0
17686216,0
17687216,0
17688216,0
17689216,1
17690216,0
17691216,1
17692216,0
17693216,0
17694216,0
17695216,0
17696216,0
17697216,0
17698216,0
17699216,0
17700216,0
17701216,0
17702216,0
17703216,0
17704216,1
17705216,0
17706216,0
17707217,1
17708217,0
17709218,0
17710218,0
17711219,0
17712219,0
17713220,1
17714220,0
17715221,1
17716221,1
17717222,0
17718222,1
17719223,0
17720223,0
17721224,0
17722224,0
17723225,0
17724225,1
17725226,2
17726226,1
17727227,0
17728227,3
17729228,0
17730228,0
17731229,2
17732229,1
17733230,0
17734230,1
17735231,1
17736231,0
17737232,1
17738232,0
17739233,2
17740233,1
17741234,0
17742234,0
17743235,0
17744235,0
17745236,1
17746236,0
17747237,0
17748237,1
17749238,0
17750238,0
17751239,2
17752239,0
17753240,1
17754240,1
17755241,1
17756241,0
17757242,1
17758242,0
17759243,0
17760243,1
17761244,0
17762244,2
17763245,0
17764245,0
17765246,0
17766246,1
17767247,0
17768247,2
17769248,2
17770248,0
17771249,0
17772249,0
17773250,1
17774250,0
17775251,0
17776251,0
17777252,0
17778252,0
17779253,0
17780253,0
17781254,1
17782254,0
17783255,0
17784255,1
17785256,1
17786256,0
17787257,1
17788257,0
17789258,3
17790258,0
17791259,2
17792259,0
17793260,1
17794260,0
17795261,0
17796261,0
17797262,1
17798262,0
17799263,0
17800263,0
17801264,2
17802264,0
17803265,1
17804265,0
17805266,0
17806266,1
17807267,0
17808267,0
17809268,0
17810268,1
17811269,0
17812269,0
17813270,1
17814270,0
17815271,2
17816271,1
17817272,0
17818272,0
17819273,2
17820273,0
17821274,0
17822274,1
17823275,0
17824275,1
17825276,0
17826276,0
17827277,1
17828277,0
17829278,0
17830278,1
17831279,0
17832279,0
17833280,0
17834280,0
17835281,0
17836281,1
17837282,1
17838282,0
17839283,1
17840283,0
17841284,1
17842284,0
17843285,0
17844285,3
17845286,0
17846286,0
17847287,2
17848287,1
17849288,0
17850288,0
17851289,0
17852289,1
17853290,1
17854290,0
17855291,1
17856291,0
17857292,0
17858292,0
17859293,0
17860293,0
17861294,1
17862294,0
17863295,1
17864295,0
17865296,0
17866296,0
17867297,0
17868297,2
17869298,0
17870298,1
17871299,1
17872299,0
17873300,0
17874300,2
17875301,0
17876301,0
17877302,0
17878302,1
17879303,0
17880303,0
17881304,1
17882304,1
17883305,0
17884305,0
17885306,1
17886306,0
17887307,3
17888307,1
17889308,0
17890308,0
17891309,1
17892309,1
17893310,0
17894310,2
17895311,0
17896311,0
17897312,0
17898312,0
17899313,0
17900313,1
17901314,0
17902314,0
17903315,0
17904315,0
17905316,0
17906316,1
17907317,0
17908317,0
17909318,0
17910318,3
17911319,0
17912319,0
17913320,1
17914320,0
17915321,0
17916321,0
17917322,0
17918322,1
17919323,1
17920323,1
17921324,0
17922324,0
17923325,0
17924325,0
17925326,1
17926326,0
17927327,1
17928327,0
17929328,0
17930328,1
17931329,0
17932329,0
17933330,2
17934330,2
17935331,1
17936331,0
17937332,0
17938332,0
17939333,1
17940333,0
17941334,1
17942334,0
17943335,0
17944335,0
17945336,1
17946336,1
17947337,0
17948337,1
17949338,1
17950338,0
17951339,0
17952339,0
17953340,0
17954340,0
17955341,0
17956341,0
17957342,0
17958342,1
17959343,0
17960343,0
17961344,1
17962344,1
17963345,2
17964345,0
17965346,3
17966346,0
17967347,0
17968347,0
17969348,0
17970348,0
17971349,0
17972349,0
17973350,0
17974350,0
17975351,0
17976351,0
17977352,2
17978352,0
17979353,0
17980353,0
17981354,3
17982354,0
17983355,1
17984355,2
17985356,0
17986356,1
17987357,0
17988357,0
17989358,1
17990358,2
17991359,0
17992359,0
17993360,0
17994360,0
17995361,0
17996361,0
17997362,0
17998362,0
17999363,1
18000363,0
18001364,1
18002364,0
18003365,0
18004365,0
18005366,0
18006366,0
18007367,1
18008367,0
18009368,0
18010368,0
18011369,0
18012369,1
18013370,0
18014370,1
18015371,0
18016371,0
18017372,0
18018372,0
18019373,0
18020373,1
18021374,1
18022374,1
18023375,1
18024375,1
18025376,1
18026376,1
18027377,0
18028377,0
18029378,0
18030378,0
18031379,0
18032379,0
18033380,0
18034380,0
18035381,3
18036381,0
18037382,0
18038382,0
18039383,0
18040383,0
18041384,0
18042384,0
18043385,0
18044385,0
18045386,0
18046386,0
18047387,0
18048387,1
18049388,2
18050388,1
18051389,2
18052389,0
18053390,0
18054390,0
18055391,0
18056391,0
18057392,0
18058392,0
18059393,0
18060393,0
18061394,1
18062394,0
18063395,0
18064395,0
18065396,1
18066396,0
18067397,1
18068397,1
18069398,0
18070398,0
18071399,2
18072399,0
18073400,0
18074400,1
18075401,0
18076401,0
18077402,0
18078402,0
18079403,1
18080403,0
18081404,0
18082404,1
18083405,0
18084405,0
18085406,2
18086406,0
18087407,0
18088407,2
18089408,0
18090408,0
18091409,0
18092409,0
18093410,0
18094410,0
18095411,1
18096411,0
18097412,2
18098412,0
18099413,1
18100413,0
18101414,0
18102414,0
18103415,0
18104415,0
18105416,1
18106416,0
18107417,0
18108417,1
18109418,0
18110418,0
18111419,0
18112419,0
18113420,0
18114420,0
18115421,0
18116421,0
18117422,0
18118422,0
18119423,0
18120423,1
18121424,0
18122424,0
18123425,0
18124425,0
18125426,1
18126426,0
18127427,3
18128427,0
18129428,1
18130428,0
18131429,1
18132429,0
18133430,1
18134430,0
18135431,0
18136431,2
18137432,0
18138432,2
18139433,0
18140433,0
18141434,0
18142434,0
18143435,0
18144435,1
18145436,0
18146436,0
18147437,0
18148437,1
18149438,1
18150438,1
18151439,1
18152439,1
18153440,0
18154440,0
18155441,0
18156441,0
18157442,0
18158442,0
18159443,0
18160443,0
18161444,0
18162444,1
18163445,0
18164445,1
18165446,1
18166446,1
18167447,0
18168447,1
18169448,3
18170448,1
18171449,1
18172449,0
18173450,0
18174450,0
18175451,1
18176451,0
18177452,1
18178452,0
18179453,1
18180453,0
18181454,0
18182454,1
18183455,0
18184455,1
18185456,4
18186456,0
18187457,0
18188457,0
18189458,1
18190458,0
18191459,0
18192459,0
18193460,0
18194460,2
18195461,1
18196461,0
18197462,0
18198462,1
18199463,0
18200463,0
18201464,2
18202464,0
18203465,3
18204465,0
18205466,0
18206466,0
18207467,1
18208467,1
18209468,0
18210468,0
18211469,0
18212469,0
18213470,1
18214470,1
18215471,0
18216471,1
18217472,0
18218472,2
18219473,0
18220473,0
18221474,0
18222474,0
18223475,0
18224475,0
18225476,1
18226476,0
18227477,1
18228477,0
18229478,0
18230478,0
18231479,0
18232479,0
18233480,0
18234480,0
18235481,0
18236481,0
18237482,0
18238482,1
18239483,0
18240483,1
18241484,0
18242484,0
18243485,0
18244485,0
18245486,2
18246486,0
18247487,0
18248487,0
18249488,0
18250488,0
18251489,2
18252489,0
18253490,0
18254490,0
18255491,0
18256491,0
18257492,0
18258492,1
18259493,0
18260493,0
18261494,1
18262494,1
18263495,1
18264495,1
18265496,0
18266496,0
18267497,0
18268497,0
18269498,0
18270498,2
18271499,1
18272499,0
18273500,1
18274500,0
18275501,4
18276501,0
18277502,0
18278502,0
18279503,1
18280503,0
18281504,0
18282504,0
18283505,0
18284505,1
18285506,2
18286506,0
18287507,1
18288507,0
18289508,0
18290508,1
18291509,0
18292509,0
18293510,1
18294510,0
18295511,0
18296511,1
18297512,0
18298512,3
18299513,0
18300513,1
18301514,1
18302514,0
18303515,0
18304515,1
18305516,0
18306516,0
18307517,0
18308517,0
18309518,0
18310518,1
18311519,0
18312519,0
18313520,1
18314520,0
18315521,0
18316521,1
18317522,0
18318522,0
18319523,0
18320523,0
18321524,0
18322524,0
18323525,0
18324525,0
18325526,0
18326526,0
18327527,0
18328527,0
18329528,0
18330528,0
18331529,2
18332529,0
18333530,1
18334530,1
18335531,0
18336531,1
18337532,0
18338532,0
18339533,1
18340533,1
18341534,1
18342534,0
18343535,0
18344535,1
18345536,1
18346536,0
18347537,0
18348537,0
18349538,1
18350538,0
18351539,0
18352539,0
18353540,0
18354540,0
18355541,0
18356541,0
18357542,0
18358542,0
18359543,0
18360543,0
18361544,0
18362544,1
18363545,3
18364545,0
18365546,0
18366546,1
18367547,0
18368547,0
18369548,0
18370548,0
18371549,0
18372549,0
18373550,0
18374550,2
18375551,0
18376551,0
18377552,1
18378552,0
18379553,0
18380553,0
18381554,1
18382554,0
18383555,0
18384555,3
18385556,0
18386556,0
18387557,1
18388557,0
18389558,0
18390558,0
18391559,1
18392559,0
18393560,1
18394560,1
18395561,0
18396561,0
18397562,0
18398562,1
18399563,0
18400563,1
18401564,0
18402564,1
18403565,0
18404565,1
18405566,0
18406566,2
18407567,0
18408567,1
18409568,0
18410568,0
18411569,0
18412569,0
18413570,0
18414570,1
18415571,0
18416571,2
18417572,0
18418572,0
18419573,1
18420573,0
18421574,0
18422574,0
18423575,0
18424575,0
18425576,0
18426576,0
18427577,0
18428577,0
18429578,1
18430578,0
18431579,0
18432579,0
18433580,1
18434580,0
18435581,0
18436581,0
18437582,2
18438582,1
18439583,0
18440583,0
18441584,0
18442584,0
18443585,0
18444585,1
18445586,0
18446586,0
18447587,0
18448587,0
18449588,1
18450588,1
18451589,1
18452589,1
18453590,1
18454590,1
18455591,1
18456591,0
18457592,0
18458592,0
18459593,2
18460593,0
18461594,1
18462594,1
18463595,0
18464595,0
18465596,1
18466596,0
18467597,0
18468597,0
18469598,0
18470598,2
18471599,0
18472599,0
18473600,1
18474600,1
18475601,1
18476601,0
18477602,0
18478602,0
18479603,0
18480603,1
18481604,0
18482604,1
18483605,0
18484605,1
18485606,0
18486606,1
18487607,0
18488607,2
18489608,0
18490608,0
18491609,0
18492609,0
18493610,0
18494610,1
18495611,0
18496611,0
18497612,0
18498612,1
18499613,2
18500613,0
18501614,2
18502614,0
18503615,0
18504615,0
18505616,0
18506616,0
18507617,0
18508617,0
18509618,0
18510618,2
18511619,0
18512619,1
18513620,1
18514620,0
18515621,0
18516621,0
18517622,0
18518622,1
18519623,1
18520623,0
18521624,1
18522624,0
18523625,0
18524625,0
18525626,1
18526626,0
18527627,0
18528627,0
18529628,0
18530628,0
18531629,0
18532629,0
18533630,2
18534630,0
18535631,1
18536631,0
18537632,0
18538632,0
18539633,0
18540633,0
18541634,0
18542634,0
18543635,1
18544635,0
18545636,0
18546636,2
18547637,0
18548637,0
18549638,0
18550638,0
18551639,1
18552639,0
18553640,0
18554640,0
18555641,1
18556641,3
18557642,1
18558642,1
18559643,0
18560643,1
18561644,3
18562644,0
18563645,0
18564645,0
18565646,0
18566646,2
18567647,1
18568647,0
18569648,0
18570648,0
18571649,0
18572649,0
18573650,0
18574650,1
18575651,0
18576651,1
18577652,1
18578652,0
18579653,0
18580653,0
18581654,0
18582654,0
18583655,1
18584655,0
18585656,2
18586656,0
18587657,0
18588657,1
18589658,0
18590658,0
18591659,0
18592659,0
18593660,1
18594660,2
18595661,1
18596661,0
18597662,0
18598662,0
18599663,0
18600663,0
18601664,0
18602664,2
18603665,2
18604665,0
18605666,0
18606666,0
18607667,2
18608667,0
18609668,0
18610668,0
18611669,2
18612669,1
18613670,1
18614670,0
18615671,0
18616671,0
18617672,1
18618672,0
18619673,1
18620673,1
18621674,1
18622674,1
18623675,1
18624675,0
18625676,1
18626676,1
18627677,1
18628677,0
18629678,0
18630678,1
18631679,0
18632679,0
18633680,2
18634680,0
18635681,0
18636681,0
18637682,0
18638682,0
18639683,0
18640683,0
18641684,1
18642684,0
18643685,0
18644685,0
18645686,0
18646686,0
18647687,0
18648687,1
18649688,0
18650688,0
18651689,0
18652689,1
18653690,1
18654690,2
18655691,2
18656691,0
18657692,0
18658692,1
18659693,0
18660693,1
18661694,0
18662694,0
18663695,1
18664695,0
18665696,0
18666696,0
18667697,0
18668697,0
18669698,0
18670698,0
18671699,0
18672699,0
18673700,1
18674700,3
18675701,2
18676701,0
18677702,0
18678702,1
18679703,0
18680703,0
18681704,2
18682704,0
18683705,2
18684705,0
18685706,1
18686706,0
18687707,0
18688707,3
18689708,1
18690708,0
18691709,1
18692709,0
18693710,0
18694710,2
18695711,0
18696711,0
18697712,1
18698712,0
18699713,0
18700713,1
18701714,0
18702714,0
18703715,0
18704715,0
18705716,0
18706716,1
18707717,0
18708717,0
18709718,0
18710718,0
18711719,0
18712719,1
18713720,2
18714720,1
18715721,1
18716721,0
18717722,1
18718722,0
18719723,1
18720723,1
18721724,0
18722724,1
18723725,0
18724725,1
18725726,0
18726726,1
18727727,2
18728727,0
18729728,0
18730728,1
18731729,0
18732729,1
18733730,0
18734730,1
18735731,1
18736731,2
18737732,0
18738732,0
18739733,0
18740733,0
18741734,1
18742734,0
18743735,0
18744735,0
18745736,2
18746736,0
18747737,0
18748737,1
18749738,0
18750738,1
18751739,2
18752739,2
18753740,0
18754740,1
18755741,0
18756741,1
18757742,1
18758742,0
18759743,1
18760743,0
18761744,1
18762744,0
18763745,0
18764745,0
18765746,0
18766746,1
18767747,0
18768747,1
18769748,0
18770748,0
18771749,0
18772749,1
18773750,0
18774750,0
18775751,0
18776751,0
18777752,0
18778752,0
18779753,0
18780753,1
18781754,0
18782754,1
18783755,1
18784755,0
18785756,0
18786756,0
18787757,0
18788757,0
18789758,0
18790758,0
18791759,0
18792759,1
18793760,1
18794760,0
18795761,0
18796761,1
18797762,0
18798762,0
18799763,2
18800763,0
18801764,3
18802764,0
18803765,0
18804765,0
18805766,0
18806766,2
18807767,0
18808767,1
18809768,1
18810768,0
18811769,1
18812769,1
18813770,0
18814770,0
18815771,0
18816771,0
18817772,2
18818772,0
18819773,0
18820773,0
18821774,3
18822774,1
18823775,0
18824775,0
18825776,0
18826776,2
18827777,1
18828777,1
18829778,0
18830778,1
18831779,1
18832779,0
18833780,0
18834780,1
18835781,1
18836781,1
18837782,0
18838782,0
18839783,1
18840783,0
18841784,0
18842784,0
18843785,1
18844785,0
18845786,0
18846786,0
18847787,3
18848787,3
18849788,1
18850788,0
18851789,0
18852789,0
18853790,2
18854790,1
18855791,1
18856791,0
18857792,1
18858792,0
18859793,0
18860793,0
18861794,3
18862794,0
18863795,2
18864795,0
18865796,1
18866796,0
18867797,0
18868797,0
18869798,0
18870798,0
18871799,1
18872799,0
18873800,0
18874800,0
18875801,0
18876801,3
18877802,0
18878802,1
18879803,0
18880803,1
18881804,0
18882804,0
18883805,0
18884805,1
18885806,1
18886806,0
18887807,0
18888807,0
18889808,0
18890808,0
18891809,1
18892809,0
18893810,0
18894810,0
18895811,1
18896811,1
18897812,0
18898812,1
18899813,0
18900813,1
18901814,1
18902814,1
18903815,0
18904815,0
18905816,0
18906816,0
18907817,0
18908817,0
18909818,1
18910818,1
18911819,0
18912819,0
18913820,0
18914820,1
18915821,1
18916821,0
18917822,2
18918822,0
18919823,0
18920823,0
18921824,0
18922824,0
18923825,0
18924825,0
18925826,0
18926826,0
18927827,0
18928827,0
18929828,0
18930828,1
18931829,2
18932829,1
18933830,0
18934830,0
18935831,1
18936831,0
18937832,2
18938832,0
18939833,0
18940833,0
18941834,1
18942834,2
18943835,0
18944835,0
18945836,0
18946836,0
18947837,0
18948837,2
18949838,0
18950838,0
18951839,0
18952839,0
18953840,0
18954840,2
18955841,0
18956841,0
18957842,1
18958842,0
18959843,0
18960843,0
18961844,0
18962844,0
18963845,0
18964845,0
18965846,0
18966846,1
18967847,0
18968847,0
18969848,1
18970848,0
18971849,0
18972849,0
18973850,1
18974850,2
18975851,0
18976851,0
18977852,0
18978852,0
18979853,0
18980853,0
18981854,0
18982854,0
18983855,0
18984855,0
18985856,3
18986856,1
18987857,0
18988857,1
18989858,0
18990858,1
18991859,1
18992859,0
18993860,0
18994860,1
18995861,0
18996861,0
18997862,0
18998862,0
18999863,0
19000863,2
19001864,0
19002864,0
19003865,1
19004865,0
19005866,2
19006866,0
19007867,0
19008867,0
19009868,1
19010868,0
19011869,0
19012869,2
19013870,0
19014870,2
19015871,1
19016871,1
19017872,0
19018872,0
19019873,0
19020873,0
19021874,0
19022874,0
19023875,1
19024875,0
19025876,0
19026876,0
19027877,0
19028877,3
19029878,0
19030878,0
19031879,0
19032879,1
19033880,0
19034880,1
19035881,0
19036881,0
19037882,0
19038882,0
19039883,0
19040883,0
19041884,0
19042884,0
19043885,0
19044885,0
19045886,0
19046886,0
19047887,1
19048887,0
19049888,0
19050888,0
19051889,0
19052889,2
19053890,1
19054890,1
19055891,0
19056891,0
19057892,0
19058892,0
19059893,0
19060893,0
19061894,0
19062894,1
19063895,0
19064895,0
19065896,2
19066896,0
19067897,1
19068897,0
19069898,0
19070898,0
19071899,2
19072899,0
19073900,0
19074900,1
19075901,1
19076901,0
19077902,0
19078902,1
19079903,0
19080903,0
19081904,0
19082904,0
19083905,2
19084905,1
19085906,2
19086906,0
19087907,0
19088907,0
19089908,0
19090908,0
19091909,2
19092909,0
19093910,4
19094910,1
19095911,0
19096911,0
19097912,0
19098912,0
19099913,1
19100913,0
19101914,0
19102914,0
19103915,0
19104915,0
19105916,0
19106916,0
19107917,0
19108917,1
19109918,0
19110918,0
19111919,0
19112919,0
19113920,0
19114920,1
19115921,0
19116921,1
19117922,0
19118922,0
19119923,1
19120923,1
19121924,0
19122924,0
19123925,0
19124925,0
19125926,0
19126926,0
19127927,0
19128927,0
19129928,0
19130928,1
19131929,1
19132929,1
19133930,0
19134930,1
19135931,2
19136931,1
19137932,2
19138932,0
19139933,1
19140933,0
19141934,1
19142934,0
19143935,0
19144935,0
19145936,0
19146936,0
19147937,1
19148937,0
19149938,1
19150938,0
19151939,0
19152939,2
19153940,0
19154940,1
19155941,0
19156941,1
19157942,0
19158942,0
19159943,0
19160943,0
19161944,0
19162944,2
19163945,0
19164945,1
19165946,0
19166946,0
19167947,0
19168947,0
19169948,1
19170948,0
19171949,0
19172949,1
19173950,0
19174950,0
19175951,1
19176951,0
19177952,1
19178952,0
19179953,0
19180953,0
19181954,3
19182954,0
19183955,0
19184955,0
19185956,1
19186956,1
19187957,0
19188957,0
19189958,0
19190958,0
19191959,0
19192959,0
19193960,0
19194960,0
19195961,1
19196961,0
19197962,0
19198962,0
19199963,0
19200963,0
19201964,1
19202964,0
19203965,2
19204965,0
19205966,0
19206966,0
19207967,1
19208967,0
19209968,1
19210968,1
19211969,0
19212969,0
19213970,0
19214970,0
19215971,0
19216971,1
19217972,2
19218972,1
19219973,0
19220973,0
19221974,0
19222974,0
19223975,1
19224975,0
19225976,1
19226976,0
19227977,0
19228977,0
19229978,0
19230978,0
19231979,0
19232979,0
19233980,0
19234980,0
19235981,0
19236981,1
19237982,0
19238982,0
19239983,1
19240983,0
19241984,0
19242984,0
19243985,2
19244985,0
19245986,0
19246986,0
19247987,0
19248987,0
19249988,0
19250988,0
19251989,1
19252989,1
19253990,0
19254990,2
19255991,1
19256991,1
19257992,1
19258992,0
19259993,0
19260993,0
19261994,0
19262994,0
19263995,1
19264995,1
19265996,0
19266996,0
19267997,1
19268997,0
19269998,1
19270998,0
19271999,0
19272999,2
19274000,0
19275000,0
19276001,0
19277001,1
19278002,0
19279002,1
19280003,0
19281003,0
19282004,0
19283004,2
19284005,0
19285005,0
19286006,0
19287006,0
19288007,1
19289007,1
19290079,1
19291079,0
19292080,0
19293080,0
19294081,1
19295081,0
19296082,1
19297082,0
19298083,0
19299083,0
19300084,0
19301084,1
19302085,0
19303085,0
19304086,0
19305086,0
19306087,2
19307087,0
19308088,0
19309088,0
19310089,1
19311089,0
19312090,0
19313090,1
19314091,0
19315091,0
19316092,1
19317092,0
19318093,0
19319093,0
19320094,0
19321094,1
19322095,1
19323095,0
19324096,1
19325096,0
19326097,0
19327097,1
19328098,0
19329098,1
19330099,1
19331099,0
19332100,0
19333100,2
19334101,0
19335101,0
19336102,0
19337102,1
19338103,1
19339103,0
19340104,0
19341104,0
19342105,0
19343105,0
19344106,0
19345106,1
19346107,0
19347107,0
19348108,1
19349108,2
19350109,0
19351109,0
19352110,0
19353110,0
19354111,0
19355111,0
19356112,1
19357112,0
19358113,1
19359113,2
19360114,2
19361114,0
19362115,1
19363115,0
19364116,0
19365116,0
19366117,2
19367117,0
19368118,2
19369118,0
19370119,1
19371119,1
19372120,0
19373120,0
19374121,0
19375121,0
19376122,0
19377122,0
19378123,0
19379123,0
19380125,1
19381125,0
19382126,0
19383126,1
19384127,0
19385127,0
19386128,0
19387128,0
19388129,0
19389129,0
19390130,0
19391130,0
19392131,0
19393131,2
19394132,0
19395132,0
19396133,1
19397133,1
19398134,0
19399134,0
19400135,0
19401135,0
19402136,0
19403136,1
19404137,0
19405137,0
19406138,1
19407138,0
19408139,0
19409139,1
19410140,0
19411140,0
19412141,1
19413141,1
19414142,2
19415142,0
19416143,0
19417143,0
19418144,0
19419144,0
19420145,0
19421145,1
19422146,0
19423146,0
19424147,2
19425147,0
19426148,0
19427148,0
19428149,1
19429149,0
19430150,0
19431150,0
19432151,0
19433151,0
19434152,0
19435152,0
19436153,2
19437153,0
19438154,0
19439154,0
19440155,0
19441155,2
19442156,2
19443156,1
19444157,0
19445157,0
19446158,1
19447158,0
19448159,0
19449159,0
19450160,0
19451160,1
19452161,0
19453161,0
19454162,0
19455162,0
19456163,0
19457163,1
19458164,1
19459164,0
19460165,0
19461165,1
19462166,2
19463166,0
19464167,0
19465167,0
19466168,0
19467168,1
19468169,0
19469169,0
19470170,0
19471170,0
19472171,1
19473171,1
19474172,2
19475172,1
19476173,0
19477173,1
19478174,0
19479174,0
19480175,1
19481175,0
19482176,2
19483176,1
19484177,1
19485177,0
19486178,0
19487178,0
19488179,0
19489179,0
19490180,0
19491180,1
19492181,1
19493181,1
19494182,0
19495182,0
19496183,1
19497183,0
19498184,0
19499184,1
19500185,1
19501185,0
19502186,1
19503186,2
19504187,2
19505187,0
19506188,1
19507188,0
19508189,2
19509189,1
19510190,1
19511190,0
19512191,0
19513191,0
19514192,0
19515192,1
19516193,1
19517193,0
19518194,0
19519194,1
19520195,0
19521195,0
19522196,0
19523196,0
19524197,0
19525197,1
19526198,0
19527198,0
19528199,1
19529199,0
19530200,0
19531200,0
19532201,0
19533201,0
19534202,0
19535202,0
19536203,1
19537203,0
19538204,2
19539204,1
19540205,0
19541205,0
19542206,1
19543206,0
19544207,1
19545207,0
19546208,0
19547208,0
19548209,1
19549209,1
19550210,0
19551210,0
19552211,0
19553211,1
19554212,0
19555212,0
19556213,1
19557213,1
19558214,0
19559214,0
19560215,1
19561215,1
19562216,0
19563216,0
19564217,2
19565217,0
19566218,0
19567218,0
19568219,0
19569219,0
19570220,0
19571220,0
19572221,0
19573221,1
19574222,0
19575222,1
19576223,0
19577223,0
19578224,0
19579224,1
19580225,0
19581225,0
19582226,0
19583226,1
19584227,0
19585227,0
19586228,0
19587228,0
19588229,0
19589229,0
19590230,0
19591230,1
19592231,1
19593231,0
19594232,0
19595232,1
19596233,0
19597233,2
19598234,0
19599234,0
19600235,0
19601235,1
19602236,0
19603236,0
19604237,0
19605237,2
19606238,1
19607238,0
19608239,0
19609239,0
19610240,2
19611240,0
19612241,0
19613241,1
19614242,0
19615242,1
19616243,0
19617243,2
19618244,0
19619244,0
19620245,0
19621245,1
19622246,0
19623246,0
19624247,0
19625247,1
19626248,3
19627248,0
19628249,0
19629249,3
19630250,0
19631250,0
19632251,0
19633251,1
19634252,2
19635252,0
19636253,0
19637253,0
19638254,0
19639254,0
19640255,0
19641255,0
19642256,0
19643256,0
19644257,0
19645257,2
19646258,0
19647258,0
19648259,1
19649259,0
19650260,0
19651260,3
19652261,0
19653261,0
19654262,0
19655262,0
19656263,0
19657263,0
19658264,1
19659264,0
19660265,2
19661265,1
19662266,0
19663266,0
19664267,0
19665267,1
19666268,2
19667268,0
19668269,0
19669269,0
19670270,0
19671270,0
19672271,0
19673271,1
19674272,1
19675272,0
19676273,1
19677273,0
19678274,0
19679274,1
19680275,1
19681275,0
19682276,1
19683276,1
19684277,1
19685277,0
19686278,1
19687278,1
19688279,0
19689279,0
19690280,1
19691280,0
19692281,3
19693281,0
19694282,0
19695282,1
19696283,0
19697283,0
19698284,0
19699284,1
19700285,0
19701285,0
19702286,1
19703286,0
19704287,0
19705287,0
19706288,1
19707288,0
19708289,1
19709289,0
19710290,0
19711290,1
19712291,0
19713291,0
19714292,0
19715292,0
19716293,0
19717293,0
19718294,2
19719294,0
19720295,1
19721295,1
19722296,2
19723296,0
19724297,0
19725297,1
19726298,0
19727298,1
19728299,0
19729299,0
19730300,0
19731300,1
19732301,1
19733301,0
19734302,0
19735302,1
19736303,1
19737303,3
19738304,0
19739304,0
19740305,0
19741305,0
19742306,0
19743306,0
19744307,1
19745307,1
19746308,0
19747308,0
19748309,0
19749309,0
19750310,1
19751310,0
19752311,0
19753311,0
19754312,1
19755312,0
19756313,1
19757313,0
19758314,0
19759314,1
19760315,1
19761315,1
19762316,0
19763316,0
19764317,0
19765317,0
19766318,2
19767318,0
19768319,2
19769319,0
19770320,1
19771320,0
19772321,0
19773321,1
19774322,0
19775322,1
19776323,0
19777323,0
19778324,0
19779324,0
19780325,0
19781325,0
19782326,1
19783326,0
19784327,2
19785327,0
19786328,1
19787328,0
19788329,0
19789329,0
19790330,0
19791330,0
19792331,0
19793331,1
19794332,0
19795332,0
19796333,0
19797333,0
19798334,1
19799334,0
19800335,0
19801335,1
19802336,0
19803336,1
19804337,1
19805337,0
19806338,2
19807338,2
19808339,0
19809339,2
19810340,0
19811340,1
19812341,0
19813341,2
19814342,1
19815342,1
19816343,1
19817343,0
19818344,0
19819344,0
19820345,0
19821345,0
19822346,0
19823346,0
19824347,0
19825347,0
19826348,0
19827348,1
19828349,0
19829349,0
19830350,1
19831350,0
19832351,0
19833351,0
19834352,0
19835352,0
19836353,0
19837353,0
19838354,1
19839354,0
19840355,1
19841355,0
19842356,2
19843356,0
19844357,0
19845357,0
19846358,0
19847358,1
19848359,2
19849359,1
19850360,0
19851360,0
19852361,1
19853361,0
19854362,1
19855362,2
19856363,0
19857363,0
19858364,0
19859364,0
19860365,0
19861365,0
19862366,0
19863366,0
19864367,1
19865367,0
19866368,1
19867368,0
19868369,0
19869369,1
19870370,2
19871370,0
19872371,0
19873371,1
19874372,0
19875372,0
19876373,0
19877373,0
19878374,0
19879374,0
19880375,0
19881375,2
19882376,3
19883376,0
19884377,0
19885377,0
19886378,1
19887378,1
19888379,0
19889379,0
19890380,0
19891380,1
19892381,1
19893381,1
19894382,1
19895382,0
19896383,0
19897383,1
19898384,1
19899384,2
19900385,0
19901385,0
19902386,1
19903386,0
19904387,0
19905387,1
19906388,0
19907388,0
19908389,1
19909389,0
19910390,0
19911390,1
19912391,1
19913391,0
19914392,1
19915392,0
19916393,0
19917393,0
19918394,0
19919394,1
19920395,2
19921395,0
19922396,0
19923396,0
19924397,0
19925397,0
19926398,0
19927398,1
19928399,1
19929399,1
19930400,1
19931400,0
19932401,1
19933401,0
19934402,1
19935402,2
19936403,0
19937403,0
19938404,1
19939404,1
19940405,1
19941405,0
19942406,1
19943406,0
19944407,0
19945407,0
19946408,0
19947408,2
19948409,1
19949409,0
19950410,0
19951410,0
19952411,0
19953411,1
19954412,1
19955412,0
19956413,1
19957413,0
19958414,1
19959414,1
19960415,0
19961415,0
19962416,0
19963416,0
19964417,0
19965417,0
19966418,1
19967418,0
19968419,1
19969419,0
19970420,0
19971420,1
19972421,0
19973421,0
19974422,0
19975422,0
19976423,2
19977423,2
19978424,0
19979424,0
19980425,0
19981425,0
19982426,1
19983426,0
19984427,0
19985427,0
19986428,4
19987428,0
19988429,0
19989429,0
19990430,0
19991430,3
19992431,0
19993431,1
19994432,1
19995432,0
19996433,0
19997433,0
19998434,0
19999434,0
20000435,1
20001435,1
20002436,0
20003436,0
20004437,0
20005437,0
20006438,2
20007438,1
20008439,1
20009439,0
20010440,0
20011440,0
20012441,1
20013441,0
20014442,1
20015442,0
20016443,0
20017443,0
20018444,0
20019444,0
20020445,0
20021445,0
20022446,0
20023446,0
20024447,1
20025447,1
20026448,0
20027448,1
20028449,0
20029449,0
20030450,0
20031450,2
20032451,0
20033451,0
20034452,1
20035452,0
20036453,0
20037453,0
20038454,0
20039454,0
20040455,0
20041455,0
20042456,2
20043456,1
20044457,0
20045457,0
20046458,0
20047458,0
20048459,0
20049459,0
20050460,0
20051460,0
20052461,1
20053461,0
20054462,0
20055462,1
20056463,2
20057463,0
20058464,0
20059464,0
20060465,0
20061465,0
20062466,2
20063466,1
20064467,0
20065467,1
20066468,0
20067468,0
20068469,0
20069469,0
20070470,0
20071470,1
20072471,1
20073471,0
20074472,1
20075472,1
20076473,0
20077473,0
20078474,0
20079474,0
20080475,0
20081475,0
20082476,0
20083476,0
20084477,1
20085477,0
20086478,1
20087478,0
20088479,0
20089479,1
20090480,0
20091480,0
20092481,0
20093481,1
20094482,0
20095482,0
20096483,0
20097483,1
20098484,2
20099484,0
20100485,0
20101485,0
20102486,1
20103486,1
20104487,0
20105487,1
20106488,0
20107488,0
20108489,0
20109489,0
20110490,0
20111490,1
20112491,0
20113491,0
20114492,0
20115492,0
20116493,1
20117493,2
20118494,1
20119494,1
20120495,0
20121495,1
20122496,0
20123496,0
20124497,0
20125497,1
20126498,0
20127498,1
20128499,0
20129499,0
20130500,2
20131500,0
20132501,0
20133501,1
20134502,1
20135502,0
20136503,0
20137503,0
20138504,0
20139504,1
20140505,0
20141505,0
20142506,0
20143506,0
20144507,0
20145507,2
20146508,0
20147508,0
20148509,0
20149509,1
20150510,0
20151510,0
20152511,1
20153511,1
20154512,0
20155512,1
20156513,1
20157513,0
20158514,0
20159514,1
20160515,1
20161515,0
20162516,0
20163516,1
20164517,0
20165517,0
20166518,0
20167518,0
20168519,1
20169519,0
20170520,3
20171520,0
20172521,0
20173521,0
20174522,1
20175522,0
20176523,0
20177523,0
20178524,1
20179524,1
20180525,0
20181525,0
20182526,2
20183526,0
20184527,0
20185527,2
20186528,0
20187528,1
20188529,0
20189529,1
20190530,2
20191530,0
20192531,0
20193531,1
20194532,0
20195532,0
20196533,0
20197533,0
20198534,1
20199534,0
20200535,2
20201535,0
20202536,3
20203536,1
20204537,0
20205537,0
20206538,0
20207538,1
20208539,1
20209539,2
20210540,1
20211540,0
20212541,0
20213541,0
20214542,0
20215542,0
20216543,0
20217543,0
20218544,0
20219544,1
20220545,0
20221545,2
20222546,2
20223546,0
20224547,0
20225547,0
20226548,1
20227548,0
20228549,0
20229549,0
20230550,0
20231550,0
20232551,0
20233551,0
20234552,1
20235552,0
20236553,0
20237553,0
20238554,0
20239554,0
20240555,0
20241555,0
20242556,0
20243556,1
20244557,0
20245557,1
20246558,0
20247558,0
20248559,1
20249559,0
20250560,0
20251560,0
20252561,0
20253561,1
20254562,1
20255562,1
20256563,0
20257563,0
20258564,1
20259564,1
20260565,0
20261565,0
20262566,1
20263566,0
20264567,0
20265567,1
20266568,1
20267568,1
20268569,0
20269569,2
20270570,0
20271570,0
20272571,0
20273571,0
20274572,0
20275572,0
20276573,0
20277573,0
20278574,0
20279574,0
20280575,0
20281575,1
20282576,1
20283576,0
20284577,0
20285577,0
20286578,0
20287578,0
20288579,1
20289579,1
20290580,2
20291580,0
20292581,0
20293581,0
20294582,0
20295582,0
20296583,0
20297583,0
20298584,1
20299584,0
20300585,0
20301585,0
20302586,0
20303586,0
20304587,0
20305587,0
20306588,0
20307588,0
20308589,0
20309589,0
20310590,1
20311590,1
20312591,0
20313591,1
20314592,1
20315592,1
20316593,0
20317593,2
20318594,0
20319594,0
20320595,0
20321595,0
20322596,0
20323596,0
20324597,0
20325597,1
20326598,0
20327598,0
20328599,1
20329599,0
20330600,1
20331600,0
20332601,1
20333601,0
20334602,0
20335602,0
20336603,0
20337603,1
20338604,0
20339604,1
20340605,2
20341605,1
20342606,1
20343606,2
20344607,1
20345607,1
20346608,0
20347608,1
20348609,0
20349609,0
20350610,0
20351610,0
20352611,0
20353611,0
20354612,0
20355612,0
20356613,0
20357613,0
20358614,0
20359614,0
20360615,4
20361615,2
20362616,0
20363616,1
20364617,0
20365617,0
20366618,2
20367618,0
20368619,1
20369619,1
20370620,0
20371620,2
20372621,1
20373621,0
20374622,0
20375622,0
20376623,0
20377623,1
20378624,0
20379624,0
20380625,2
20381625,0
20382626,3
20383626,1
20384627,1
20385627,1
20386628,1
20387628,1
20388629,1
20389629,0
20390630,0
20391630,0
20392631,0
20393631,0
20394632,3
20395632,1
20396633,1
20397633,0
20398634,0
20399634,0
20400635,1
20401635,0
20402636,1
20403636,2
20404637,0
20405637,1
20406638,2
20407638,1
20408639,0
20409639,0
20410640,0
20411640,0
20412641,0
20413641,0
20414642,2
20415642,1
20416643,1
20417643,2
20418644,1
20419644,1
20420645,0
20421645,0
20422646,0
20423646,1
20424647,1
20425647,1
20426648,0
20427648,1
20428649,1
20429649,0
20430650,0
20431650,0
20432651,0
20433651,1
20434652,1
20435652,0
20436653,0
20437653,1
20438654,0
20439654,0
20440655,0
20441655,1
20442656,1
20443656,0
20444657,0
20445657,0
20446658,0
20447658,0
20448659,0
20449659,0
20450660,0
20451660,0
20452661,0
20453661,0
20454662,0
20455662,0
20456663,1
20457663,0
20458664,1
20459664,1
20460665,1
20461665,2
20462666,2
20463666,0
20464667,2
20465667,1
20466668,0
20467668,0
20468669,0
20469669,0
20470670,0
20471670,0
20472671,0
20473671,0
20474672,0
20475672,0
20476673,0
20477673,0
20478674,1
20479674,2
20480675,1
20481675,0
20482676,0
20483676,0
20484677,1
20485677,2
20486678,0
20487678,1
20488679,0
20489679,0
20490680,0
20491680,0
20492681,0
20493681,0
20494682,0
20495682,0
20496683,1
20497683,1
20498684,0
20499684,0
20500685,1
20501685,0
20502686,0
20503686,3
20504687,0
20505687,1
20506688,2
20507688,1
20508689,1
20509689,0
20510690,0
20511690,0
20512691,0
20513691,1
20514692,0
20515692,1
20516693,3
20517693,0
20518694,0
20519694,2
20520695,0
20521695,0
20522696,2
20523696,0
20524697,0
20525697,0
20526698,1
20527698,0
20528699,0
20529699,0
20530700,0
20531700,0
20532701,0
20533701,0
20534702,0
20535702,0
20536703,2
20537703,0
20538704,0
20539704,0
20540705,0
20541705,0
20542706,1
20543706,0
20544707,0
20545707,0
20546708,0
20547708,0
20548709,0
20549709,0
20550710,0
20551710,0
20552711,0
20553711,0
20554712,0
20555712,0
20556713,1
20557713,0
20558714,1
20559714,1
20560715,0
20561715,0
20562716,2
20563716,0
20564717,0
20565717,4
20566718,0
20567718,0
20568719,2
20569719,0
20570720,0
20571720,0
20572721,0
20573721,0
20574722,1
20575722,0
20576723,1
20577723,0
20578724,0
20579724,0
20580725,1
20581725,0
20582726,0
20583726,1
20584727,0
20585727,0
20586728,0
20587728,0
20588729,0
20589729,0
20590730,1
20591730,0
20592731,0
20593731,1
20594732,1
20595732,1
20596733,0
20597733,0
20598734,0
20599734,0
20600735,0
20601735,0
20602736,0
20603736,4
20604737,0
20605737,0
20606738,0
20607738,0
20608739,1
20609739,1
20610740,0
20611740,1
20612741,1
20613741,0
20614742,0
20615742,1
20616743,0
20617743,0
20618744,0
20619744,1
20620745,0
20621745,0
20622746,0
20623746,0
20624747,2
20625747,0
20626748,1
20627748,0
20628749,1
20629749,0
20630750,1
20631750,0
20632751,0
20633751,0
20634752,3
20635752,0
20636753,1
20637753,0
20638754,0
20639754,0
20640755,0
20641755,2
20642756,0
20643756,0
20644757,1
20645757,0
20646758,0
20647758,0
20648759,0
20649759,0
20650760,0
20651760,0
20652761,0
20653761,1
20654762,0
20655762,0
20656763,3
20657763,0
20658764,1
20659764,0
20660765,1
20661765,0
20662766,1
20663766,0
20664767,0
20665767,0
20666768,0
20667768,0
20668769,1
20669769,0
20670770,0
20671770,0
20672771,1
20673771,0
20674772,0
20675772,0
20676773,0
20677773,0
20678774,0
20679774,0
20680775,0
20681775,0
20682776,0
20683776,0
20684777,0
20685777,0
20686778,1
20687778,0
20688779,0
20689779,0
20690780,0
20691780,0
20692781,2
20693781,1
20694782,0
20695782,0
20696783,0
20697783,0
20698784,0
20699784,0
20700785,0
20701785,1
20702786,1
20703786,0
20704787,0
20705787,1
20706788,0
20707788,0
20708789,0
20709789,0
20710790,0
20711790,0
20712791,0
20713791,0
20714792,0
20715792,0
20716793,0
20717793,0
20718794,0
20719794,0
20720795,0
20721795,0
20722796,0
20723796,1
20724797,0
20725797,1
20726798,0
20727798,0
20728799,0
20729799,0
20730800,0
20731800,1
20732801,1
20733801,2
20734802,0
20735802,1
20736803,1
20737803,0
20738804,0
20739804,0
20740805,1
20741805,1
20742806,0
20743806,0
20744807,0
20745807,0
20746808,1
20747808,0
20748809,1
20749809,0
20750810,0
20751810,1
20752811,0
20753811,0
20754812,0
20755812,0
20756813,0
20757813,0
20758814,0
20759814,1
--- Ende der Datei ---